{"version": "1", "message": "ERROR: Hidden Testcases server unreachable.", "problem_id": "ads2_m6_a1_1", "user_id": "rishikaharithaMSIT", "score": {"sample": {"0": {"execution_time": 0.2988002300262451, "passed": false}, "1": {"execution_time": 0.28659677505493164, "passed": false}, "2": {"execution_time": 0.27737855911254883, "passed": false}, "3": {"execution_time": 0.26514267921447754, "passed": false}, "4": {"execution_time": 0.30130600929260254, "passed": false}, "5": {"execution_time": 0.31567907333374023, "passed": false}, "6": {"execution_time": 0.2894768714904785, "passed": false}, "7": {"execution_time": 0.2714207172393799, "passed": false}, "8": {"execution_time": 0.29405999183654785, "passed": false}, "9": {"execution_time": 0.3289659023284912, "passed": false}, "10": {"execution_time": 0.2673368453979492, "passed": false}, "11": {"execution_time": 0.28983283042907715, "passed": false}}}, "check_style_score": "0/1"}