{"version": "1", "message": "ERROR: Hidden Testcases server unreachable.", "problem_id": "ads2_m6_a1_1", "user_id": "rishikaharithaMSIT", "score": {"sample": {"0": {"execution_time": 0.3962996006011963, "passed": false}, "1": {"execution_time": 0.3952813148498535, "passed": false}, "2": {"execution_time": 0.3915073871612549, "passed": false}, "3": {"execution_time": 0.4165992736816406, "passed": false}, "4": {"execution_time": 0.38986968994140625, "passed": false}, "5": {"execution_time": 0.4149818420410156, "passed": false}, "6": {"execution_time": 0.3834967613220215, "passed": true}, "7": {"execution_time": 0.3885672092437744, "passed": false}, "8": {"execution_time": 0.4125204086303711, "passed": true}, "9": {"execution_time": 0.39008021354675293, "passed": false}, "10": {"execution_time": 0.3862020969390869, "passed": true}, "11": {"execution_time": 0.407426118850708, "passed": false}}}, "check_style_score": "1/1"}