{"version": "1", "message": "ERROR: Hidden Testcases server unreachable.", "problem_id": "ads2_m6_a1_1", "user_id": "rishikaharithaMSIT", "score": {"sample": {"0": {"execution_time": 0.39536309242248535, "passed": false}, "1": {"execution_time": 0.40730977058410645, "passed": false}, "2": {"execution_time": 0.3885045051574707, "passed": false}, "3": {"execution_time": 0.4104194641113281, "passed": false}, "4": {"execution_time": 0.4314920902252197, "passed": false}, "5": {"execution_time": 0.376556396484375, "passed": false}, "6": {"execution_time": 0.4027140140533447, "passed": true}, "7": {"execution_time": 0.390383243560791, "passed": false}, "8": {"execution_time": 0.39380812644958496, "passed": true}, "9": {"execution_time": 0.38481855392456055, "passed": false}, "10": {"execution_time": 0.4226386547088623, "passed": true}, "11": {"execution_time": 0.39972710609436035, "passed": false}}}, "check_style_score": "1/1"}