{"version": "1", "message": "ERROR: Hidden Testcases server unreachable.", "problem_id": "ads2_m6_a1_1", "user_id": "rishikaharithaMSIT", "score": {"sample": {"0": {"execution_time": 0.2620837688446045, "passed": false}, "1": {"execution_time": 0.23449134826660156, "passed": false}, "2": {"execution_time": 0.23870587348937988, "passed": false}, "3": {"execution_time": 0.23952865600585938, "passed": false}, "4": {"execution_time": 0.20745015144348145, "passed": false}, "5": {"execution_time": 0.24644064903259277, "passed": false}, "6": {"execution_time": 0.281785249710083, "passed": true}, "7": {"execution_time": 0.26175761222839355, "passed": false}, "8": {"execution_time": 0.21913933753967285, "passed": true}, "9": {"execution_time": 0.23871636390686035, "passed": false}, "10": {"execution_time": 0.23198652267456055, "passed": true}, "11": {"execution_time": 0.25140380859375, "passed": false}}}, "check_style_score": "1/1"}