{"version": "1", "message": "ERROR: Hidden Testcases server unreachable.", "problem_id": "ads2_m6_a1_1", "user_id": "rishikaharithaMSIT", "score": {"sample": {"0": {"execution_time": 0.28148984909057617, "passed": false}, "1": {"execution_time": 0.2983686923980713, "passed": false}, "2": {"execution_time": 0.3237576484680176, "passed": false}, "3": {"execution_time": 0.29874372482299805, "passed": false}, "4": {"execution_time": 0.2778317928314209, "passed": false}, "5": {"execution_time": 0.316650390625, "passed": false}, "6": {"execution_time": 0.32972288131713867, "passed": false}, "7": {"execution_time": 0.31408119201660156, "passed": false}, "8": {"execution_time": 0.2965841293334961, "passed": false}, "9": {"execution_time": 0.328305721282959, "passed": false}, "10": {"execution_time": 0.3356492519378662, "passed": false}, "11": {"execution_time": 0.3431425094604492, "passed": false}}}, "check_style_score": "0/1"}