{"version": "1", "message": "ERROR: Hidden Testcases server unreachable.", "problem_id": "ads2_m6_a1_1", "user_id": "rishikaharithaMSIT", "score": {"sample": {"0": {"execution_time": 0.42499613761901855, "passed": false}, "1": {"execution_time": 0.4012289047241211, "passed": false}, "2": {"execution_time": 0.3829019069671631, "passed": false}, "3": {"execution_time": 0.3809993267059326, "passed": false}, "4": {"execution_time": 0.40607166290283203, "passed": false}, "5": {"execution_time": 0.4196445941925049, "passed": false}, "6": {"execution_time": 0.41420531272888184, "passed": true}, "7": {"execution_time": 0.38376665115356445, "passed": false}, "8": {"execution_time": 0.40883970260620117, "passed": true}, "9": {"execution_time": 0.4012730121612549, "passed": false}, "10": {"execution_time": 0.4003171920776367, "passed": true}, "11": {"execution_time": 0.3894960880279541, "passed": false}}}, "check_style_score": "1/1"}