{"version": "1", "message": "ERROR: Hidden Testcases server unreachable.", "problem_id": "ads2_m6_a1_1", "user_id": "rishikaharithaMSIT", "score": {"sample": {"0": {"execution_time": 0.276200532913208, "passed": false}, "1": {"execution_time": 0.2712366580963135, "passed": false}, "2": {"execution_time": 0.2591111660003662, "passed": false}, "3": {"execution_time": 0.2845745086669922, "passed": false}, "4": {"execution_time": 0.26731419563293457, "passed": false}, "5": {"execution_time": 0.263075590133667, "passed": false}, "6": {"execution_time": 0.2709074020385742, "passed": false}, "7": {"execution_time": 0.26152515411376953, "passed": false}, "8": {"execution_time": 0.2780952453613281, "passed": false}, "9": {"execution_time": 0.27768707275390625, "passed": false}, "10": {"execution_time": 0.30997681617736816, "passed": false}, "11": {"execution_time": 0.2908914089202881, "passed": false}}}, "check_style_score": "0/1"}