{"version": "1", "message": "ERROR: Hidden Testcases server unreachable.", "problem_id": "ads2_m6_a1_1", "user_id": "rishikaharithaMSIT", "score": {"sample": {"0": {"execution_time": 0.3169209957122803, "passed": false}, "1": {"execution_time": 0.3520526885986328, "passed": false}, "2": {"execution_time": 0.3568572998046875, "passed": false}, "3": {"execution_time": 0.34784793853759766, "passed": false}, "4": {"execution_time": 0.3478696346282959, "passed": false}, "5": {"execution_time": 0.3295888900756836, "passed": false}, "6": {"execution_time": 0.3221161365509033, "passed": false}, "7": {"execution_time": 0.3446993827819824, "passed": false}, "8": {"execution_time": 0.3101334571838379, "passed": false}, "9": {"execution_time": 0.34551310539245605, "passed": false}, "10": {"execution_time": 0.2971842288970947, "passed": false}, "11": {"execution_time": 0.3689768314361572, "passed": false}}}, "check_style_score": "0/1"}