{"version": "1", "message": "ERROR: Hidden Testcases server unreachable.", "problem_id": "ads2_m6_a1_1", "user_id": "rishikaharithaMSIT", "score": {"sample": {"0": {"execution_time": 0.32206034660339355, "passed": false}, "1": {"execution_time": 0.35066723823547363, "passed": false}, "2": {"execution_time": 0.37851405143737793, "passed": false}, "3": {"execution_time": 0.32897019386291504, "passed": false}, "4": {"execution_time": 0.33629727363586426, "passed": false}, "5": {"execution_time": 0.4166719913482666, "passed": false}, "6": {"execution_time": 0.3377358913421631, "passed": true}, "7": {"execution_time": 0.3074452877044678, "passed": false}, "8": {"execution_time": 0.3727092742919922, "passed": true}, "9": {"execution_time": 0.3125927448272705, "passed": false}, "10": {"execution_time": 0.2818162441253662, "passed": true}, "11": {"execution_time": 0.2976536750793457, "passed": false}}}, "check_style_score": "1/1"}