{"version": "1", "message": "ERROR: Hidden Testcases server unreachable.", "problem_id": "ads2_m6_a1_1", "user_id": "rishikaharithaMSIT", "score": {"sample": {"0": {"execution_time": 0.34905290603637695, "passed": false}, "1": {"execution_time": 0.3168947696685791, "passed": false}, "2": {"execution_time": 0.3434937000274658, "passed": false}, "3": {"execution_time": 0.36811232566833496, "passed": false}, "4": {"execution_time": 0.3286476135253906, "passed": false}, "5": {"execution_time": 0.348588228225708, "passed": false}, "6": {"execution_time": 0.3153562545776367, "passed": false}, "7": {"execution_time": 0.364534854888916, "passed": false}, "8": {"execution_time": 0.32626891136169434, "passed": false}, "9": {"execution_time": 0.32169342041015625, "passed": false}, "10": {"execution_time": 0.3876194953918457, "passed": false}, "11": {"execution_time": 0.3653404712677002, "passed": false}}}, "check_style_score": "0/1"}