{"version": "1", "message": "ERROR: Hidden Testcases server unreachable.", "problem_id": "ads2_m6_a1_1", "user_id": "rishikaharithaMSIT", "score": {"sample": {"0": {"execution_time": 0.3039271831512451, "passed": false}, "1": {"execution_time": 0.34978818893432617, "passed": false}, "2": {"execution_time": 0.3027210235595703, "passed": false}, "3": {"execution_time": 0.2791311740875244, "passed": false}, "4": {"execution_time": 0.3120145797729492, "passed": false}, "5": {"execution_time": 0.2839078903198242, "passed": false}, "6": {"execution_time": 0.2921409606933594, "passed": false}, "7": {"execution_time": 0.3241403102874756, "passed": false}, "8": {"execution_time": 0.3472464084625244, "passed": false}, "9": {"execution_time": 0.3405489921569824, "passed": false}, "10": {"execution_time": 0.34005308151245117, "passed": false}, "11": {"execution_time": 0.33884239196777344, "passed": false}}}, "check_style_score": "0/1"}