{"version": "1", "message": "ERROR: Hidden Testcases server unreachable.", "problem_id": "ads2_m6_a1_1", "user_id": "rishikaharithaMSIT", "score": {"sample": {"0": {"execution_time": 0.32383203506469727, "passed": false}, "1": {"execution_time": 0.31113529205322266, "passed": false}, "2": {"execution_time": 0.33185315132141113, "passed": false}, "3": {"execution_time": 0.3050556182861328, "passed": false}, "4": {"execution_time": 0.33172035217285156, "passed": false}, "5": {"execution_time": 0.3320960998535156, "passed": false}, "6": {"execution_time": 0.42287731170654297, "passed": true}, "7": {"execution_time": 0.3498976230621338, "passed": false}, "8": {"execution_time": 0.28876256942749023, "passed": true}, "9": {"execution_time": 0.347088098526001, "passed": false}, "10": {"execution_time": 0.33186841011047363, "passed": true}, "11": {"execution_time": 0.44591426849365234, "passed": false}}}, "check_style_score": "1/1"}