{"version": "1", "message": "ERROR: Hidden Testcases server unreachable.", "problem_id": "ads2_m6_a1_1", "user_id": "rishikaharithaMSIT", "score": {"sample": {"0": {"execution_time": 0.23678159713745117, "passed": false}, "1": {"execution_time": 0.23289799690246582, "passed": false}, "2": {"execution_time": 0.2519233226776123, "passed": false}, "3": {"execution_time": 0.2662959098815918, "passed": false}, "4": {"execution_time": 0.2645547389984131, "passed": false}, "5": {"execution_time": 0.20307326316833496, "passed": false}, "6": {"execution_time": 0.23389649391174316, "passed": true}, "7": {"execution_time": 0.28255391120910645, "passed": false}, "8": {"execution_time": 0.22009968757629395, "passed": true}, "9": {"execution_time": 0.24625635147094727, "passed": false}, "10": {"execution_time": 0.23557806015014648, "passed": true}, "11": {"execution_time": 0.21611332893371582, "passed": false}}}, "check_style_score": "1/1"}