{"version": "1", "message": "ERROR: Hidden Testcases server unreachable.", "problem_id": "ads2_m6_a1_1", "user_id": "rishikaharithaMSIT", "score": {"sample": {"0": {"execution_time": 0.30892324447631836, "passed": false}, "1": {"execution_time": 0.34049320220947266, "passed": false}, "2": {"execution_time": 0.3263132572174072, "passed": false}, "3": {"execution_time": 0.30406928062438965, "passed": false}, "4": {"execution_time": 0.32988810539245605, "passed": false}, "5": {"execution_time": 0.2847607135772705, "passed": false}, "6": {"execution_time": 0.29164648056030273, "passed": false}, "7": {"execution_time": 0.32204294204711914, "passed": false}, "8": {"execution_time": 0.29590797424316406, "passed": false}, "9": {"execution_time": 0.3264744281768799, "passed": false}, "10": {"execution_time": 0.31423258781433105, "passed": false}, "11": {"execution_time": 0.37271690368652344, "passed": false}}}, "check_style_score": "0/1"}