{"version": "1", "message": "ERROR: Hidden Testcases server unreachable.", "problem_id": "ads2_m6_a1_1", "user_id": "rishikaharithaMSIT", "score": {"sample": {"0": {"execution_time": 0.319732666015625, "passed": false}, "1": {"execution_time": 0.29047393798828125, "passed": false}, "2": {"execution_time": 0.2650303840637207, "passed": false}, "3": {"execution_time": 0.2909872531890869, "passed": false}, "4": {"execution_time": 0.2721567153930664, "passed": false}, "5": {"execution_time": 0.33513331413269043, "passed": false}, "6": {"execution_time": 0.27748656272888184, "passed": false}, "7": {"execution_time": 0.34116363525390625, "passed": false}, "8": {"execution_time": 0.2715640068054199, "passed": false}, "9": {"execution_time": 0.2802596092224121, "passed": false}, "10": {"execution_time": 0.2675437927246094, "passed": false}, "11": {"execution_time": 0.2677466869354248, "passed": false}}}, "check_style_score": "0/1"}