{"version": "1", "message": "ERROR: Hidden Testcases server unreachable.", "problem_id": "ads2_m6_a1_1", "user_id": "rishikaharithaMSIT", "score": {"sample": {"0": {"execution_time": 0.27790117263793945, "passed": false}, "1": {"execution_time": 0.2969088554382324, "passed": false}, "2": {"execution_time": 0.32819175720214844, "passed": false}, "3": {"execution_time": 0.321530818939209, "passed": false}, "4": {"execution_time": 0.33678627014160156, "passed": false}, "5": {"execution_time": 0.34108829498291016, "passed": false}, "6": {"execution_time": 0.28597164154052734, "passed": false}, "7": {"execution_time": 0.2687106132507324, "passed": false}, "8": {"execution_time": 0.29592275619506836, "passed": false}, "9": {"execution_time": 0.2946770191192627, "passed": false}, "10": {"execution_time": 0.34643983840942383, "passed": false}, "11": {"execution_time": 0.3308224678039551, "passed": false}}}, "check_style_score": "0/1"}