{"version": "1", "message": "ERROR: Hidden Testcases server unreachable.", "problem_id": "ads2_m6_a1_1", "user_id": "rishikaharithaMSIT", "score": {"sample": {"0": {"execution_time": 0.2600102424621582, "passed": false}, "1": {"execution_time": 0.2901005744934082, "passed": false}, "2": {"execution_time": 0.2248554229736328, "passed": false}, "3": {"execution_time": 0.23499631881713867, "passed": false}, "4": {"execution_time": 0.23205780982971191, "passed": false}, "5": {"execution_time": 0.21541213989257812, "passed": false}, "6": {"execution_time": 0.24506902694702148, "passed": true}, "7": {"execution_time": 0.22165679931640625, "passed": false}, "8": {"execution_time": 0.22742962837219238, "passed": true}, "9": {"execution_time": 0.2536489963531494, "passed": false}, "10": {"execution_time": 0.20982789993286133, "passed": true}, "11": {"execution_time": 0.20970535278320312, "passed": false}}}, "check_style_score": "1/1"}