{"version": "1", "message": "ERROR: Hidden Testcases server unreachable.", "problem_id": "ads2_m6_a1_1", "user_id": "rishikaharithaMSIT", "score": {"sample": {"0": {"execution_time": 0.410841703414917, "passed": false}, "1": {"execution_time": 0.4006986618041992, "passed": false}, "2": {"execution_time": 0.42818379402160645, "passed": false}, "3": {"execution_time": 0.3687160015106201, "passed": false}, "4": {"execution_time": 0.3936951160430908, "passed": false}, "5": {"execution_time": 0.405367374420166, "passed": false}, "6": {"execution_time": 0.388883113861084, "passed": true}, "7": {"execution_time": 0.4297769069671631, "passed": false}, "8": {"execution_time": 0.3972654342651367, "passed": true}, "9": {"execution_time": 0.4393167495727539, "passed": false}, "10": {"execution_time": 0.40616607666015625, "passed": true}, "11": {"execution_time": 0.39725375175476074, "passed": false}}}, "check_style_score": "1/1"}