{"version": "1", "message": "ERROR: Hidden Testcases server unreachable.", "problem_id": "ads2_m6_a1_1", "user_id": "rishikaharithaMSIT", "score": {"sample": {"0": {"execution_time": 0.19681954383850098, "passed": false}, "1": {"execution_time": 0.3005645275115967, "passed": false}, "2": {"execution_time": 0.23196792602539062, "passed": false}, "3": {"execution_time": 0.20005178451538086, "passed": false}, "4": {"execution_time": 0.23816275596618652, "passed": false}, "5": {"execution_time": 0.2007606029510498, "passed": false}, "6": {"execution_time": 0.2434673309326172, "passed": true}, "7": {"execution_time": 0.21477627754211426, "passed": false}, "8": {"execution_time": 0.30406665802001953, "passed": true}, "9": {"execution_time": 0.20964956283569336, "passed": false}, "10": {"execution_time": 0.23393583297729492, "passed": true}, "11": {"execution_time": 0.20829272270202637, "passed": false}}}, "check_style_score": "1/1"}