{"version": "1", "message": "ERROR: Hidden Testcases server unreachable.", "problem_id": "ads2_m6_a1_1", "user_id": "rishikaharithaMSIT", "score": {"sample": {"0": {"execution_time": 0.307009220123291, "passed": false}, "1": {"execution_time": 0.3327178955078125, "passed": false}, "2": {"execution_time": 0.3340170383453369, "passed": false}, "3": {"execution_time": 0.29325389862060547, "passed": false}, "4": {"execution_time": 0.32930707931518555, "passed": false}, "5": {"execution_time": 0.369035005569458, "passed": false}, "6": {"execution_time": 0.3184630870819092, "passed": false}, "7": {"execution_time": 0.3439455032348633, "passed": false}, "8": {"execution_time": 0.2819831371307373, "passed": false}, "9": {"execution_time": 0.2975907325744629, "passed": false}, "10": {"execution_time": 0.3178858757019043, "passed": false}, "11": {"execution_time": 0.36997103691101074, "passed": false}}}, "check_style_score": "0/1"}