{"version": "1", "message": "ERROR: Hidden Testcases server unreachable.", "problem_id": "ads2_m6_a1_1", "user_id": "rishikaharithaMSIT", "score": {"sample": {"0": {"execution_time": 0.4599466323852539, "passed": false}, "1": {"execution_time": 0.5650901794433594, "passed": false}, "2": {"execution_time": 0.5824267864227295, "passed": false}, "3": {"execution_time": 1.0698223114013672, "passed": false}, "4": {"execution_time": 0.566692590713501, "passed": false}, "5": {"execution_time": 0.7011837959289551, "passed": false}, "6": {"execution_time": 0.5343794822692871, "passed": false}, "7": {"execution_time": 0.6075851917266846, "passed": false}, "8": {"execution_time": 0.5098936557769775, "passed": false}, "9": {"execution_time": 0.6141190528869629, "passed": false}, "10": {"execution_time": 0.41954970359802246, "passed": false}, "11": {"execution_time": 1.920170783996582, "passed": false}}}, "check_style_score": "0/1"}