{"version": "1", "message": "ERROR: Hidden Testcases server unreachable.", "problem_id": "ads2_m6_a1_1", "user_id": "rishikaharithaMSIT", "score": {"sample": {"0": {"execution_time": 0.4493722915649414, "passed": false}, "1": {"execution_time": 0.4275350570678711, "passed": false}, "2": {"execution_time": 0.3887603282928467, "passed": false}, "3": {"execution_time": 0.439394474029541, "passed": false}, "4": {"execution_time": 0.38512277603149414, "passed": false}, "5": {"execution_time": 0.38866758346557617, "passed": false}, "6": {"execution_time": 0.4175293445587158, "passed": true}, "7": {"execution_time": 0.3954298496246338, "passed": false}, "8": {"execution_time": 0.4437720775604248, "passed": true}, "9": {"execution_time": 0.4306769371032715, "passed": false}, "10": {"execution_time": 0.5654737949371338, "passed": true}, "11": {"execution_time": 0.41146278381347656, "passed": false}}}, "check_style_score": "1/1"}