{"version": "1", "message": "ERROR: Hidden Testcases server unreachable.", "problem_id": "ads2_m6_a1_1", "user_id": "rishikaharithaMSIT", "score": {"sample": {"0": {"execution_time": 0.29909610748291016, "passed": false}, "1": {"execution_time": 0.3026559352874756, "passed": false}, "2": {"execution_time": 0.2911043167114258, "passed": false}, "3": {"execution_time": 0.34193897247314453, "passed": false}, "4": {"execution_time": 0.2762634754180908, "passed": false}, "5": {"execution_time": 0.29584789276123047, "passed": false}, "6": {"execution_time": 0.3144538402557373, "passed": false}, "7": {"execution_time": 0.33165693283081055, "passed": false}, "8": {"execution_time": 0.3264200687408447, "passed": false}, "9": {"execution_time": 0.29670286178588867, "passed": false}, "10": {"execution_time": 0.29694151878356934, "passed": false}, "11": {"execution_time": 0.29886651039123535, "passed": false}}}, "check_style_score": "0/1"}