{"version": "1", "message": "ERROR: Hidden Testcases server unreachable.", "problem_id": "ads2_m6_a1_1", "user_id": "rishikaharithaMSIT", "score": {"sample": {"0": {"execution_time": 0.21030235290527344, "passed": false}, "1": {"execution_time": 0.25258636474609375, "passed": false}, "2": {"execution_time": 0.23672008514404297, "passed": false}, "3": {"execution_time": 0.2649240493774414, "passed": false}, "4": {"execution_time": 0.2427072525024414, "passed": true}, "5": {"execution_time": 0.2439267635345459, "passed": false}, "6": {"execution_time": 0.2547008991241455, "passed": true}, "7": {"execution_time": 0.23235654830932617, "passed": false}, "8": {"execution_time": 0.2955470085144043, "passed": true}, "9": {"execution_time": 0.21979117393493652, "passed": true}, "10": {"execution_time": 0.2574729919433594, "passed": true}, "11": {"execution_time": 0.2751290798187256, "passed": false}}}, "check_style_score": "1/1"}