{"version": "1", "message": "ERROR: Hidden Testcases server unreachable.", "problem_id": "ads2_m6_a1_1", "user_id": "rishikaharithaMSIT", "score": {"sample": {"0": {"execution_time": 0.23294639587402344, "passed": false}, "1": {"execution_time": 0.24819111824035645, "passed": false}, "2": {"execution_time": 0.24353790283203125, "passed": false}, "3": {"execution_time": 0.25218987464904785, "passed": false}, "4": {"execution_time": 0.2542102336883545, "passed": false}, "5": {"execution_time": 0.2725391387939453, "passed": true}, "6": {"execution_time": 0.24974679946899414, "passed": true}, "7": {"execution_time": 0.2290027141571045, "passed": false}, "8": {"execution_time": 0.2453901767730713, "passed": true}, "9": {"execution_time": 0.22987723350524902, "passed": false}, "10": {"execution_time": 0.22119355201721191, "passed": true}, "11": {"execution_time": 0.2500419616699219, "passed": false}}}, "check_style_score": "1/1"}