{"version": "1", "message": "ERROR: Hidden Testcases server unreachable.", "problem_id": "ads2_m6_a1_1", "user_id": "rishikaharithaMSIT", "score": {"sample": {"0": {"execution_time": 0.45014286041259766, "passed": false}, "1": {"execution_time": 0.4755978584289551, "passed": false}, "2": {"execution_time": 0.4743807315826416, "passed": false}, "3": {"execution_time": 0.5087313652038574, "passed": false}, "4": {"execution_time": 0.45285916328430176, "passed": false}, "5": {"execution_time": 0.45496106147766113, "passed": false}, "6": {"execution_time": 0.4358088970184326, "passed": false}, "7": {"execution_time": 0.49217772483825684, "passed": false}, "8": {"execution_time": 0.44767141342163086, "passed": false}, "9": {"execution_time": 0.47053027153015137, "passed": false}, "10": {"execution_time": 0.412858247756958, "passed": false}, "11": {"execution_time": 0.518714427947998, "passed": false}}}, "check_style_score": "1/1"}