{"version": "1", "message": "ERROR: Hidden Testcases server unreachable.", "problem_id": "ads2_m6_a1_1", "user_id": "rishikaharithaMSIT", "score": {"sample": {"0": {"execution_time": 0.3161756992340088, "passed": false}, "1": {"execution_time": 0.29771971702575684, "passed": false}, "2": {"execution_time": 0.33849143981933594, "passed": false}, "3": {"execution_time": 0.31261467933654785, "passed": false}, "4": {"execution_time": 0.3253364562988281, "passed": false}, "5": {"execution_time": 0.32805442810058594, "passed": false}, "6": {"execution_time": 0.33354806900024414, "passed": true}, "7": {"execution_time": 0.34674882888793945, "passed": false}, "8": {"execution_time": 0.31138014793395996, "passed": true}, "9": {"execution_time": 0.3154628276824951, "passed": false}, "10": {"execution_time": 0.31589269638061523, "passed": true}, "11": {"execution_time": 0.30584192276000977, "passed": false}}}, "check_style_score": "1/1"}