{"version": "1", "message": "ERROR: Hidden Testcases server unreachable.", "problem_id": "ads2_m6_a1_1", "user_id": "rishikaharithaMSIT", "score": {"sample": {"0": {"execution_time": 0.2972407341003418, "passed": false}, "1": {"execution_time": 0.3022787570953369, "passed": false}, "2": {"execution_time": 0.299135684967041, "passed": false}, "3": {"execution_time": 0.2974424362182617, "passed": false}, "4": {"execution_time": 0.2969081401824951, "passed": false}, "5": {"execution_time": 0.3518993854522705, "passed": false}, "6": {"execution_time": 0.2946453094482422, "passed": true}, "7": {"execution_time": 0.27930665016174316, "passed": false}, "8": {"execution_time": 0.3308122158050537, "passed": true}, "9": {"execution_time": 0.33338451385498047, "passed": false}, "10": {"execution_time": 0.31694650650024414, "passed": true}, "11": {"execution_time": 0.310070276260376, "passed": false}}}, "check_style_score": "1/1"}