{"version": "1", "message": "ERROR: Hidden Testcases server unreachable.", "problem_id": "ads2_m6_a1_1", "user_id": "rishikaharithaMSIT", "score": {"sample": {"0": {"execution_time": 0.6590530872344971, "passed": false}, "1": {"execution_time": 0.6618754863739014, "passed": false}, "2": {"execution_time": 0.773909330368042, "passed": false}, "3": {"execution_time": 1.7273178100585938, "passed": false}, "4": {"execution_time": 0.9277970790863037, "passed": false}, "5": {"execution_time": 0.9271085262298584, "passed": false}, "6": {"execution_time": 0.6673295497894287, "passed": false}, "7": {"execution_time": 0.8235585689544678, "passed": false}, "8": {"execution_time": 0.9107344150543213, "passed": false}, "9": {"execution_time": 1.0446364879608154, "passed": false}, "10": {"execution_time": 0.4475250244140625, "passed": false}, "11": {"execution_time": 3.5023677349090576, "passed": false}}}, "check_style_score": "0/1"}