{"version": "1", "message": "ERROR: Hidden Testcases server unreachable.", "problem_id": "ads2_m6_a1_1", "user_id": "rishikaharithaMSIT", "score": {"sample": {"0": {"execution_time": 0.2602345943450928, "passed": false}, "1": {"execution_time": 0.21536684036254883, "passed": false}, "2": {"execution_time": 0.2254319190979004, "passed": false}, "3": {"execution_time": 0.2556476593017578, "passed": false}, "4": {"execution_time": 0.23926877975463867, "passed": false}, "5": {"execution_time": 0.22413110733032227, "passed": false}, "6": {"execution_time": 0.23654747009277344, "passed": true}, "7": {"execution_time": 0.20835018157958984, "passed": false}, "8": {"execution_time": 0.28552913665771484, "passed": true}, "9": {"execution_time": 0.258162260055542, "passed": false}, "10": {"execution_time": 0.232924222946167, "passed": true}, "11": {"execution_time": 0.2075951099395752, "passed": false}}}, "check_style_score": "1/1"}