{"version": "1", "message": "ERROR: Hidden Testcases server unreachable.", "problem_id": "ads2_m6_a1_1", "user_id": "rishikaharithaMSIT", "score": {"sample": {"0": {"execution_time": 0.30873918533325195, "passed": false}, "1": {"execution_time": 0.2923722267150879, "passed": false}, "2": {"execution_time": 0.3211953639984131, "passed": false}, "3": {"execution_time": 0.2937033176422119, "passed": false}, "4": {"execution_time": 0.3208334445953369, "passed": false}, "5": {"execution_time": 0.311509370803833, "passed": false}, "6": {"execution_time": 0.33334994316101074, "passed": false}, "7": {"execution_time": 0.31189990043640137, "passed": false}, "8": {"execution_time": 0.3306560516357422, "passed": false}, "9": {"execution_time": 0.2961912155151367, "passed": false}, "10": {"execution_time": 0.30884552001953125, "passed": false}, "11": {"execution_time": 0.3774731159210205, "passed": false}}}, "check_style_score": "0/1"}