{"version": "1", "message": "ERROR: Hidden Testcases server unreachable.", "problem_id": "ads2_m6_a1_1", "user_id": "rishikaharithaMSIT", "score": {"sample": {"0": {"execution_time": 0.30754566192626953, "passed": false}, "1": {"execution_time": 0.307234525680542, "passed": false}, "2": {"execution_time": 0.3527653217315674, "passed": false}, "3": {"execution_time": 0.33356356620788574, "passed": false}, "4": {"execution_time": 0.34402012825012207, "passed": false}, "5": {"execution_time": 0.32047533988952637, "passed": false}, "6": {"execution_time": 0.317521333694458, "passed": false}, "7": {"execution_time": 0.26586389541625977, "passed": false}, "8": {"execution_time": 0.2932908535003662, "passed": false}, "9": {"execution_time": 0.2995443344116211, "passed": false}, "10": {"execution_time": 0.28708600997924805, "passed": false}, "11": {"execution_time": 0.3394937515258789, "passed": false}}}, "check_style_score": "0/1"}