{"version": "1", "message": "ERROR: Hidden Testcases server unreachable.", "problem_id": "ads2_m6_a1_1", "user_id": "rishikaharithaMSIT", "score": {"sample": {"0": {"execution_time": 0.2752823829650879, "passed": false}, "1": {"execution_time": 0.36844897270202637, "passed": false}, "2": {"execution_time": 0.22855210304260254, "passed": false}, "3": {"execution_time": 0.27381038665771484, "passed": false}, "4": {"execution_time": 0.2706749439239502, "passed": false}, "5": {"execution_time": 0.28122711181640625, "passed": false}, "6": {"execution_time": 0.22886204719543457, "passed": true}, "7": {"execution_time": 0.24597764015197754, "passed": false}, "8": {"execution_time": 0.2462446689605713, "passed": true}, "9": {"execution_time": 0.22497153282165527, "passed": false}, "10": {"execution_time": 0.24867701530456543, "passed": true}, "11": {"execution_time": 0.4051229953765869, "passed": false}}}, "check_style_score": "1/1"}