{"version": "1", "message": "ERROR: Hidden Testcases server unreachable.", "problem_id": "ads2_m6_a1_1", "user_id": "rishikaharithaMSIT", "score": {"sample": {"0": {"execution_time": 0.23977446556091309, "passed": false}, "1": {"execution_time": 0.24650359153747559, "passed": false}, "2": {"execution_time": 0.212479829788208, "passed": false}, "3": {"execution_time": 0.29851508140563965, "passed": false}, "4": {"execution_time": 0.2655372619628906, "passed": false}, "5": {"execution_time": 0.24534034729003906, "passed": true}, "6": {"execution_time": 0.22859621047973633, "passed": true}, "7": {"execution_time": 0.2234480381011963, "passed": false}, "8": {"execution_time": 0.2638087272644043, "passed": true}, "9": {"execution_time": 0.23944091796875, "passed": false}, "10": {"execution_time": 0.2631809711456299, "passed": true}, "11": {"execution_time": 0.26480841636657715, "passed": false}}}, "check_style_score": "1/1"}