{"version": "1", "message": "ERROR: Hidden Testcases server unreachable.", "problem_id": "ads2_m6_a1_1", "user_id": "rishikaharithaMSIT", "score": {"sample": {"0": {"execution_time": 0.2793259620666504, "passed": false}, "1": {"execution_time": 0.3096342086791992, "passed": false}, "2": {"execution_time": 0.30269336700439453, "passed": false}, "3": {"execution_time": 0.2916736602783203, "passed": false}, "4": {"execution_time": 0.30225062370300293, "passed": false}, "5": {"execution_time": 0.32901501655578613, "passed": false}, "6": {"execution_time": 0.3494899272918701, "passed": false}, "7": {"execution_time": 0.36807751655578613, "passed": false}, "8": {"execution_time": 0.33045506477355957, "passed": false}, "9": {"execution_time": 0.29476499557495117, "passed": false}, "10": {"execution_time": 0.3135242462158203, "passed": false}, "11": {"execution_time": 0.3883333206176758, "passed": false}}}, "check_style_score": "0/1"}