{"version": "1", "message": "ERROR: Hidden Testcases server unreachable.", "problem_id": "ads2_m6_a1_1", "user_id": "rishikaharithaMSIT", "score": {"sample": {"0": {"execution_time": 0.23747801780700684, "passed": false}, "1": {"execution_time": 0.20638132095336914, "passed": false}, "2": {"execution_time": 0.21894121170043945, "passed": false}, "3": {"execution_time": 0.21261310577392578, "passed": false}, "4": {"execution_time": 0.2277069091796875, "passed": false}, "5": {"execution_time": 0.23080778121948242, "passed": false}, "6": {"execution_time": 0.21128463745117188, "passed": true}, "7": {"execution_time": 0.21427583694458008, "passed": false}, "8": {"execution_time": 0.24167656898498535, "passed": true}, "9": {"execution_time": 0.21567082405090332, "passed": false}, "10": {"execution_time": 0.25812649726867676, "passed": true}, "11": {"execution_time": 0.2377622127532959, "passed": false}}}, "check_style_score": "1/1"}