{"version": "1", "message": "ERROR: Hidden Testcases server unreachable.", "problem_id": "ads2_m6_a1_1", "user_id": "rishikaharithaMSIT", "score": {"sample": {"0": {"execution_time": 0.30698585510253906, "passed": false}, "1": {"execution_time": 0.284043550491333, "passed": false}, "2": {"execution_time": 0.33640575408935547, "passed": false}, "3": {"execution_time": 0.30235981941223145, "passed": false}, "4": {"execution_time": 0.34830784797668457, "passed": false}, "5": {"execution_time": 0.28380656242370605, "passed": false}, "6": {"execution_time": 0.32825565338134766, "passed": true}, "7": {"execution_time": 0.2909867763519287, "passed": false}, "8": {"execution_time": 0.3308277130126953, "passed": true}, "9": {"execution_time": 0.3159325122833252, "passed": false}, "10": {"execution_time": 0.31594252586364746, "passed": true}, "11": {"execution_time": 0.29781603813171387, "passed": false}}}, "check_style_score": "1/1"}