{"version": "1", "message": "ERROR: Hidden Testcases server unreachable.", "problem_id": "ads2_m6_a1_1", "user_id": "rishikaharithaMSIT", "score": {"sample": {"0": {"execution_time": 0.39775800704956055, "passed": false}, "1": {"execution_time": 0.38384175300598145, "passed": false}, "2": {"execution_time": 0.39436769485473633, "passed": false}, "3": {"execution_time": 0.3983168601989746, "passed": false}, "4": {"execution_time": 0.4279899597167969, "passed": false}, "5": {"execution_time": 0.4048933982849121, "passed": false}, "6": {"execution_time": 0.37763357162475586, "passed": true}, "7": {"execution_time": 0.40964484214782715, "passed": false}, "8": {"execution_time": 0.39769482612609863, "passed": true}, "9": {"execution_time": 0.3930635452270508, "passed": false}, "10": {"execution_time": 0.3746984004974365, "passed": true}, "11": {"execution_time": 0.39782261848449707, "passed": false}}}, "check_style_score": "1/1"}