{"version": "1", "message": "ERROR: Hidden Testcases server unreachable.", "problem_id": "ads2_m6_a1_1", "user_id": "rishikaharithaMSIT", "score": {"sample": {"0": {"execution_time": 0.21662640571594238, "passed": false}, "1": {"execution_time": 0.26754045486450195, "passed": false}, "2": {"execution_time": 0.2385118007659912, "passed": false}, "3": {"execution_time": 0.24121880531311035, "passed": false}, "4": {"execution_time": 0.25075840950012207, "passed": false}, "5": {"execution_time": 0.23210620880126953, "passed": false}, "6": {"execution_time": 0.2517280578613281, "passed": true}, "7": {"execution_time": 0.22722673416137695, "passed": false}, "8": {"execution_time": 0.2242751121520996, "passed": true}, "9": {"execution_time": 0.22406220436096191, "passed": false}, "10": {"execution_time": 0.22617292404174805, "passed": true}, "11": {"execution_time": 0.21773195266723633, "passed": false}}}, "check_style_score": "1/1"}