{"version": "1", "message": "ERROR: Hidden Testcases server unreachable.", "problem_id": "ads2_m6_a1_1", "user_id": "rishikaharithaMSIT", "score": {"sample": {"0": {"execution_time": 0.3832271099090576, "passed": false}, "1": {"execution_time": 0.3971991539001465, "passed": false}, "2": {"execution_time": 0.3829684257507324, "passed": false}, "3": {"execution_time": 0.3937191963195801, "passed": false}, "4": {"execution_time": 0.3907496929168701, "passed": false}, "5": {"execution_time": 0.40323305130004883, "passed": false}, "6": {"execution_time": 0.38762927055358887, "passed": true}, "7": {"execution_time": 0.38603734970092773, "passed": false}, "8": {"execution_time": 0.38390541076660156, "passed": true}, "9": {"execution_time": 0.3877079486846924, "passed": false}, "10": {"execution_time": 0.3887491226196289, "passed": true}, "11": {"execution_time": 0.38997411727905273, "passed": false}}}, "check_style_score": "1/1"}