{"version": "1", "message": "ERROR: Hidden Testcases server unreachable.", "problem_id": "ads2_m6_a1_1", "user_id": "rishikaharithaMSIT", "score": {"sample": {"0": {"execution_time": 0.3071427345275879, "passed": false}, "1": {"execution_time": 0.372774600982666, "passed": false}, "2": {"execution_time": 0.322965145111084, "passed": false}, "3": {"execution_time": 0.3104989528656006, "passed": false}, "4": {"execution_time": 0.2809000015258789, "passed": false}, "5": {"execution_time": 0.30162620544433594, "passed": false}, "6": {"execution_time": 0.3115253448486328, "passed": false}, "7": {"execution_time": 0.3130660057067871, "passed": false}, "8": {"execution_time": 0.2871983051300049, "passed": false}, "9": {"execution_time": 0.33550572395324707, "passed": false}, "10": {"execution_time": 0.31984996795654297, "passed": false}, "11": {"execution_time": 0.37529754638671875, "passed": false}}}, "check_style_score": "0/1"}