{"version": "1", "message": "ERROR: Hidden Testcases server unreachable.", "problem_id": "ads2_m6_a1_1", "user_id": "rishikaharithaMSIT", "score": {"sample": {"0": {"execution_time": 0.5409064292907715, "passed": false}, "1": {"execution_time": 0.44638705253601074, "passed": false}, "2": {"execution_time": 0.47078537940979004, "passed": false}, "3": {"execution_time": 0.5830862522125244, "passed": false}, "4": {"execution_time": 0.6232204437255859, "passed": false}, "5": {"execution_time": 0.5300741195678711, "passed": false}, "6": {"execution_time": 0.5184769630432129, "passed": false}, "7": {"execution_time": 0.5239720344543457, "passed": false}, "8": {"execution_time": 0.5152814388275146, "passed": false}, "9": {"execution_time": 0.5230121612548828, "passed": false}, "10": {"execution_time": 0.4716532230377197, "passed": false}, "11": {"execution_time": 0.5972681045532227, "passed": false}}}, "check_style_score": "1/1"}