{"version": "1", "message": "ERROR: Hidden Testcases server unreachable.", "problem_id": "ads2_m6_a1_1", "user_id": "rishikaharithaMSIT", "score": {"sample": {"0": {"execution_time": 0.40999579429626465, "passed": false}, "1": {"execution_time": 0.5171554088592529, "passed": false}, "2": {"execution_time": 0.40000486373901367, "passed": false}, "3": {"execution_time": 0.49730992317199707, "passed": false}, "4": {"execution_time": 0.422163724899292, "passed": false}, "5": {"execution_time": 0.3634965419769287, "passed": false}, "6": {"execution_time": 0.41184496879577637, "passed": true}, "7": {"execution_time": 0.3989419937133789, "passed": false}, "8": {"execution_time": 0.4050610065460205, "passed": true}, "9": {"execution_time": 0.4078867435455322, "passed": false}, "10": {"execution_time": 0.4472181797027588, "passed": true}, "11": {"execution_time": 0.41054296493530273, "passed": false}}}, "check_style_score": "1/1"}