{"version": "1", "message": "ERROR: Hidden Testcases server unreachable.", "problem_id": "ads2_m6_a1_1", "user_id": "rishikaharithaMSIT", "score": {"sample": {"0": {"execution_time": 0.26851320266723633, "passed": false}, "1": {"execution_time": 0.31241679191589355, "passed": false}, "2": {"execution_time": 0.32128381729125977, "passed": false}, "3": {"execution_time": 0.31032872200012207, "passed": false}, "4": {"execution_time": 0.3114783763885498, "passed": false}, "5": {"execution_time": 0.2639956474304199, "passed": false}, "6": {"execution_time": 0.3266623020172119, "passed": false}, "7": {"execution_time": 0.31748175621032715, "passed": false}, "8": {"execution_time": 0.3215062618255615, "passed": false}, "9": {"execution_time": 0.28634166717529297, "passed": false}, "10": {"execution_time": 0.3303835391998291, "passed": false}, "11": {"execution_time": 0.3497047424316406, "passed": false}}}, "check_style_score": "0/1"}