{"version": "1", "message": "ERROR: Hidden Testcases server unreachable.", "problem_id": "ads2_m6_a1_1", "user_id": "rishikaharithaMSIT", "score": {"sample": {"0": {"execution_time": 0.21100997924804688, "passed": false}, "1": {"execution_time": 0.22107911109924316, "passed": false}, "2": {"execution_time": 0.21100974082946777, "passed": false}, "3": {"execution_time": 0.2779560089111328, "passed": false}, "4": {"execution_time": 0.22507047653198242, "passed": false}, "5": {"execution_time": 0.23836207389831543, "passed": false}, "6": {"execution_time": 0.2827625274658203, "passed": true}, "7": {"execution_time": 0.2331225872039795, "passed": false}, "8": {"execution_time": 0.22209477424621582, "passed": true}, "9": {"execution_time": 0.25305891036987305, "passed": false}, "10": {"execution_time": 0.19050073623657227, "passed": true}, "11": {"execution_time": 0.23767971992492676, "passed": false}}}, "check_style_score": "1/1"}