{"version": "1", "message": "ERROR: Hidden Testcases server unreachable.", "problem_id": "ads2_m6_a1_1", "user_id": "rishikaharithaMSIT", "score": {"sample": {"0": {"execution_time": 0.2209482192993164, "passed": false}, "1": {"execution_time": 0.2425529956817627, "passed": false}, "2": {"execution_time": 0.22894811630249023, "passed": false}, "3": {"execution_time": 0.3013465404510498, "passed": false}, "4": {"execution_time": 0.25671863555908203, "passed": false}, "5": {"execution_time": 0.23708152770996094, "passed": false}, "6": {"execution_time": 0.22893238067626953, "passed": true}, "7": {"execution_time": 0.2793557643890381, "passed": false}, "8": {"execution_time": 0.2588071823120117, "passed": true}, "9": {"execution_time": 0.2534189224243164, "passed": false}, "10": {"execution_time": 0.2356424331665039, "passed": true}, "11": {"execution_time": 0.2683441638946533, "passed": false}}}, "check_style_score": "1/1"}