{"version": "1", "message": "ERROR: Hidden Testcases server unreachable.", "problem_id": "ads2_m6_a1_1", "user_id": "rishikaharithaMSIT", "score": {"sample": {"0": {"execution_time": 0.29364585876464844, "passed": false}, "1": {"execution_time": 0.323636531829834, "passed": false}, "2": {"execution_time": 0.32394909858703613, "passed": false}, "3": {"execution_time": 0.2871074676513672, "passed": false}, "4": {"execution_time": 0.3284182548522949, "passed": false}, "5": {"execution_time": 0.34957003593444824, "passed": false}, "6": {"execution_time": 0.36140871047973633, "passed": false}, "7": {"execution_time": 0.3494715690612793, "passed": false}, "8": {"execution_time": 0.2950139045715332, "passed": false}, "9": {"execution_time": 0.280106782913208, "passed": false}, "10": {"execution_time": 0.2809782028198242, "passed": false}, "11": {"execution_time": 0.3220658302307129, "passed": false}}}, "check_style_score": "0/1"}