{"version": "1", "message": "ERROR: Hidden Testcases server unreachable.", "problem_id": "ads2_m6_a1_1", "user_id": "rishikaharithaMSIT", "score": {"sample": {"0": {"execution_time": 0.4165842533111572, "passed": false}, "1": {"execution_time": 0.3907742500305176, "passed": false}, "2": {"execution_time": 0.3870551586151123, "passed": false}, "3": {"execution_time": 0.3856987953186035, "passed": false}, "4": {"execution_time": 0.3902311325073242, "passed": false}, "5": {"execution_time": 0.36887502670288086, "passed": false}, "6": {"execution_time": 0.43230247497558594, "passed": true}, "7": {"execution_time": 0.37851881980895996, "passed": false}, "8": {"execution_time": 0.3945624828338623, "passed": true}, "9": {"execution_time": 0.3743009567260742, "passed": false}, "10": {"execution_time": 0.37062835693359375, "passed": true}, "11": {"execution_time": 0.4040045738220215, "passed": false}}}, "check_style_score": "1/1"}