{"version": "1", "message": "ERROR: Hidden Testcases server unreachable.", "problem_id": "ads2_m6_a1_1", "user_id": "rishikaharithaMSIT", "score": {"sample": {"0": {"execution_time": 0.4144449234008789, "passed": false}, "1": {"execution_time": 0.4089539051055908, "passed": false}, "2": {"execution_time": 0.3768584728240967, "passed": false}, "3": {"execution_time": 0.4193236827850342, "passed": false}, "4": {"execution_time": 0.41123223304748535, "passed": false}, "5": {"execution_time": 0.4173433780670166, "passed": false}, "6": {"execution_time": 0.3623063564300537, "passed": true}, "7": {"execution_time": 0.3919384479522705, "passed": false}, "8": {"execution_time": 0.39618444442749023, "passed": true}, "9": {"execution_time": 0.40503573417663574, "passed": false}, "10": {"execution_time": 0.41965746879577637, "passed": true}, "11": {"execution_time": 0.4074714183807373, "passed": false}}}, "check_style_score": "1/1"}