{"version": "1", "message": "ERROR: Hidden Testcases server unreachable.", "problem_id": "ads2_m6_a1_1", "user_id": "rishikaharithaMSIT", "score": {"sample": {"0": {"execution_time": 0.33011817932128906, "passed": false}, "1": {"execution_time": 0.24535846710205078, "passed": false}, "2": {"execution_time": 0.27220821380615234, "passed": false}, "3": {"execution_time": 0.2664799690246582, "passed": false}, "4": {"execution_time": 0.30666208267211914, "passed": false}, "5": {"execution_time": 0.25206995010375977, "passed": false}, "6": {"execution_time": 0.24945569038391113, "passed": false}, "7": {"execution_time": 0.25751304626464844, "passed": false}, "8": {"execution_time": 0.24930858612060547, "passed": false}, "9": {"execution_time": 0.24045133590698242, "passed": false}, "10": {"execution_time": 0.24625229835510254, "passed": false}, "11": {"execution_time": 0.2465808391571045, "passed": false}}}, "check_style_score": "0/1"}