{"version": "1", "message": "ERROR: Hidden Testcases server unreachable.", "problem_id": "ads2_m6_a1_1", "user_id": "rishikaharithaMSIT", "score": {"sample": {"0": {"execution_time": 0.43762636184692383, "passed": false}, "1": {"execution_time": 0.39609384536743164, "passed": false}, "2": {"execution_time": 0.3847169876098633, "passed": false}, "3": {"execution_time": 0.4804253578186035, "passed": false}, "4": {"execution_time": 0.3986239433288574, "passed": false}, "5": {"execution_time": 0.4300379753112793, "passed": false}, "6": {"execution_time": 0.41974902153015137, "passed": true}, "7": {"execution_time": 0.43569350242614746, "passed": false}, "8": {"execution_time": 0.40566110610961914, "passed": true}, "9": {"execution_time": 0.38075780868530273, "passed": false}, "10": {"execution_time": 0.37810230255126953, "passed": true}, "11": {"execution_time": 0.3953592777252197, "passed": false}}}, "check_style_score": "1/1"}