{"version": "1", "message": "ERROR: Hidden Testcases server unreachable.", "problem_id": "ads2_m6_a1_1", "user_id": "rishikaharithaMSIT", "score": {"sample": {"0": {"execution_time": 0.3776249885559082, "passed": false}, "1": {"execution_time": 0.4017810821533203, "passed": false}, "2": {"execution_time": 0.3996460437774658, "passed": false}, "3": {"execution_time": 0.40764403343200684, "passed": false}, "4": {"execution_time": 0.398848295211792, "passed": false}, "5": {"execution_time": 0.39962339401245117, "passed": false}, "6": {"execution_time": 0.3984975814819336, "passed": true}, "7": {"execution_time": 0.39684438705444336, "passed": false}, "8": {"execution_time": 0.3942687511444092, "passed": true}, "9": {"execution_time": 0.3937082290649414, "passed": false}, "10": {"execution_time": 0.38114309310913086, "passed": true}, "11": {"execution_time": 0.4131150245666504, "passed": false}}}, "check_style_score": "1/1"}