{"version": "1", "message": "ERROR: Hidden Testcases server unreachable.", "problem_id": "ads2_m6_a1_1", "user_id": "rishikaharithaMSIT", "score": {"sample": {"0": {"execution_time": 0.40665698051452637, "passed": false}, "1": {"execution_time": 0.4447290897369385, "passed": false}, "2": {"execution_time": 0.42972731590270996, "passed": false}, "3": {"execution_time": 0.4226036071777344, "passed": false}, "4": {"execution_time": 0.3905518054962158, "passed": false}, "5": {"execution_time": 0.4050099849700928, "passed": false}, "6": {"execution_time": 0.3951272964477539, "passed": true}, "7": {"execution_time": 0.4437377452850342, "passed": false}, "8": {"execution_time": 0.42733192443847656, "passed": true}, "9": {"execution_time": 0.46984076499938965, "passed": false}, "10": {"execution_time": 0.40004491806030273, "passed": true}, "11": {"execution_time": 0.40183162689208984, "passed": false}}}, "check_style_score": "1/1"}