{"version": "1", "message": "ERROR: Hidden Testcases server unreachable.", "problem_id": "ads2_m6_a1_1", "user_id": "rishikaharithaMSIT", "score": {"sample": {"0": {"execution_time": 0.2817044258117676, "passed": false}, "1": {"execution_time": 0.2833585739135742, "passed": false}, "2": {"execution_time": 0.24405789375305176, "passed": false}, "3": {"execution_time": 0.2782936096191406, "passed": false}, "4": {"execution_time": 0.27973103523254395, "passed": false}, "5": {"execution_time": 0.30615854263305664, "passed": false}, "6": {"execution_time": 0.32767391204833984, "passed": false}, "7": {"execution_time": 0.26701807975769043, "passed": false}, "8": {"execution_time": 0.2408292293548584, "passed": false}, "9": {"execution_time": 0.28719329833984375, "passed": false}, "10": {"execution_time": 0.28736400604248047, "passed": false}, "11": {"execution_time": 0.28134870529174805, "passed": false}}}, "check_style_score": "0/1"}