{"version": "1", "message": "ERROR: Hidden Testcases server unreachable.", "problem_id": "ads2_m6_a1_1", "user_id": "rishikaharithaMSIT", "score": {"sample": {"0": {"execution_time": 0.42029261589050293, "passed": false}, "1": {"execution_time": 0.3990359306335449, "passed": false}, "2": {"execution_time": 0.4165034294128418, "passed": false}, "3": {"execution_time": 0.4235661029815674, "passed": false}, "4": {"execution_time": 0.4239077568054199, "passed": false}, "5": {"execution_time": 0.43369197845458984, "passed": false}, "6": {"execution_time": 0.4242851734161377, "passed": true}, "7": {"execution_time": 0.41045641899108887, "passed": false}, "8": {"execution_time": 0.40697789192199707, "passed": true}, "9": {"execution_time": 0.43593358993530273, "passed": false}, "10": {"execution_time": 0.41907620429992676, "passed": true}, "11": {"execution_time": 0.4342052936553955, "passed": false}}}, "check_style_score": "1/1"}