{"version": "1", "message": "ERROR: Hidden Testcases server unreachable.", "problem_id": "ads2_m6_a1_1", "user_id": "rishikaharithaMSIT", "score": {"sample": {"0": {"execution_time": 0.4005615711212158, "passed": false}, "1": {"execution_time": 0.40143847465515137, "passed": false}, "2": {"execution_time": 0.41600775718688965, "passed": false}, "3": {"execution_time": 0.39339256286621094, "passed": false}, "4": {"execution_time": 0.41501355171203613, "passed": false}, "5": {"execution_time": 0.4368250370025635, "passed": false}, "6": {"execution_time": 0.39838218688964844, "passed": true}, "7": {"execution_time": 0.4483819007873535, "passed": false}, "8": {"execution_time": 0.40471506118774414, "passed": true}, "9": {"execution_time": 0.40987420082092285, "passed": false}, "10": {"execution_time": 0.4148249626159668, "passed": true}, "11": {"execution_time": 0.42061877250671387, "passed": false}}}, "check_style_score": "1/1"}