{"version": "1", "message": "ERROR: Hidden Testcases server unreachable.", "problem_id": "ads2_m6_a1_1", "user_id": "rishikaharithaMSIT", "score": {"sample": {"0": {"execution_time": 0.22456908226013184, "passed": false}, "1": {"execution_time": 0.24980807304382324, "passed": false}, "2": {"execution_time": 0.26635313034057617, "passed": false}, "3": {"execution_time": 0.2744631767272949, "passed": false}, "4": {"execution_time": 0.23772239685058594, "passed": false}, "5": {"execution_time": 0.24658203125, "passed": false}, "6": {"execution_time": 0.23599982261657715, "passed": true}, "7": {"execution_time": 0.23656225204467773, "passed": false}, "8": {"execution_time": 0.2503983974456787, "passed": true}, "9": {"execution_time": 0.22193145751953125, "passed": false}, "10": {"execution_time": 0.24880290031433105, "passed": true}, "11": {"execution_time": 0.23671627044677734, "passed": false}}}, "check_style_score": "1/1"}