{"version": "1", "message": "ERROR: Hidden Testcases server unreachable.", "problem_id": "ads2_m6_a1_1", "user_id": "rishikaharithaMSIT", "score": {"sample": {"0": {"execution_time": 0.4014427661895752, "passed": false}, "1": {"execution_time": 0.37619781494140625, "passed": false}, "2": {"execution_time": 0.4020109176635742, "passed": false}, "3": {"execution_time": 0.415132999420166, "passed": false}, "4": {"execution_time": 0.38789963722229004, "passed": false}, "5": {"execution_time": 0.41608238220214844, "passed": false}, "6": {"execution_time": 0.3608851432800293, "passed": true}, "7": {"execution_time": 0.41025805473327637, "passed": false}, "8": {"execution_time": 0.37825822830200195, "passed": true}, "9": {"execution_time": 0.4077279567718506, "passed": false}, "10": {"execution_time": 0.38315629959106445, "passed": true}, "11": {"execution_time": 0.37162017822265625, "passed": false}}}, "check_style_score": "1/1"}