{"version": "1", "message": "ERROR: Hidden Testcases server unreachable.", "problem_id": "ads2_m6_a1_1", "user_id": "rishikaharithaMSIT", "score": {"sample": {"0": {"execution_time": 0.28182053565979004, "passed": false}, "1": {"execution_time": 0.28871870040893555, "passed": false}, "2": {"execution_time": 0.2895233631134033, "passed": false}, "3": {"execution_time": 0.29468607902526855, "passed": false}, "4": {"execution_time": 0.3455500602722168, "passed": false}, "5": {"execution_time": 0.3016808032989502, "passed": false}, "6": {"execution_time": 0.31449294090270996, "passed": false}, "7": {"execution_time": 0.30995631217956543, "passed": false}, "8": {"execution_time": 0.3052999973297119, "passed": false}, "9": {"execution_time": 0.3418436050415039, "passed": false}, "10": {"execution_time": 0.3169870376586914, "passed": false}, "11": {"execution_time": 0.31073927879333496, "passed": false}}}, "check_style_score": "0/1"}