{"version": "1", "message": "ERROR: Hidden Testcases server unreachable.", "problem_id": "ads2_m6_a1_1", "user_id": "rishikaharithaMSIT", "score": {"sample": {"0": {"execution_time": 0.22745633125305176, "passed": false}, "1": {"execution_time": 0.21563959121704102, "passed": false}, "2": {"execution_time": 0.21642303466796875, "passed": false}, "3": {"execution_time": 0.21494460105895996, "passed": false}, "4": {"execution_time": 0.2163388729095459, "passed": false}, "5": {"execution_time": 0.20890259742736816, "passed": false}, "6": {"execution_time": 0.22174286842346191, "passed": true}, "7": {"execution_time": 0.20442676544189453, "passed": false}, "8": {"execution_time": 0.21985411643981934, "passed": true}, "9": {"execution_time": 0.2170107364654541, "passed": false}, "10": {"execution_time": 0.21500825881958008, "passed": true}, "11": {"execution_time": 0.21980786323547363, "passed": false}}}, "check_style_score": "1/1"}