{"version": "1", "message": "ERROR: Hidden Testcases server unreachable.", "problem_id": "ads2_m6_a1_1", "user_id": "rishikaharithaMSIT", "score": {"sample": {"0": {"execution_time": 0.4206719398498535, "passed": false}, "1": {"execution_time": 0.4378471374511719, "passed": false}, "2": {"execution_time": 0.38767170906066895, "passed": false}, "3": {"execution_time": 0.4156067371368408, "passed": false}, "4": {"execution_time": 0.38499879837036133, "passed": false}, "5": {"execution_time": 0.3846621513366699, "passed": false}, "6": {"execution_time": 0.3849155902862549, "passed": true}, "7": {"execution_time": 0.41015100479125977, "passed": false}, "8": {"execution_time": 0.41271114349365234, "passed": true}, "9": {"execution_time": 0.3946866989135742, "passed": false}, "10": {"execution_time": 0.38373732566833496, "passed": true}, "11": {"execution_time": 0.41785645484924316, "passed": false}}}, "check_style_score": "1/1"}