{"version": "1", "message": "ERROR: Hidden Testcases server unreachable.", "problem_id": "ads2_m6_a1_1", "user_id": "rishikaharithaMSIT", "score": {"sample": {"0": {"execution_time": 0.38709235191345215, "passed": false}, "1": {"execution_time": 0.3314652442932129, "passed": false}, "2": {"execution_time": 0.3146657943725586, "passed": false}, "3": {"execution_time": 0.26979947090148926, "passed": false}, "4": {"execution_time": 0.36989808082580566, "passed": false}, "5": {"execution_time": 0.33789920806884766, "passed": false}, "6": {"execution_time": 0.2603015899658203, "passed": true}, "7": {"execution_time": 0.309098482131958, "passed": false}, "8": {"execution_time": 0.31418561935424805, "passed": true}, "9": {"execution_time": 0.3314647674560547, "passed": false}, "10": {"execution_time": 0.3010222911834717, "passed": true}, "11": {"execution_time": 0.3629927635192871, "passed": false}}}, "check_style_score": "0/1"}