{"version": "1", "message": "ERROR: Hidden Testcases server unreachable.", "problem_id": "ads2_m6_a1_1", "user_id": "rishikaharithaMSIT", "score": {"sample": {"0": {"execution_time": 0.40594005584716797, "passed": false}, "1": {"execution_time": 0.37294912338256836, "passed": false}, "2": {"execution_time": 0.3871312141418457, "passed": false}, "3": {"execution_time": 0.3839385509490967, "passed": false}, "4": {"execution_time": 0.39572644233703613, "passed": false}, "5": {"execution_time": 0.4002711772918701, "passed": false}, "6": {"execution_time": 0.3961508274078369, "passed": true}, "7": {"execution_time": 0.3874552249908447, "passed": false}, "8": {"execution_time": 0.4075028896331787, "passed": true}, "9": {"execution_time": 0.3843574523925781, "passed": false}, "10": {"execution_time": 0.39275026321411133, "passed": true}, "11": {"execution_time": 0.4087681770324707, "passed": false}}}, "check_style_score": "1/1"}