{"version": "1", "message": "ERROR: Hidden Testcases server unreachable.", "problem_id": "ads2_m6_a1_1", "user_id": "rishikaharithaMSIT", "score": {"sample": {"0": {"execution_time": 0.2115001678466797, "passed": false}, "1": {"execution_time": 0.24795174598693848, "passed": false}, "2": {"execution_time": 0.2096092700958252, "passed": false}, "3": {"execution_time": 0.22272109985351562, "passed": false}, "4": {"execution_time": 0.2562570571899414, "passed": false}, "5": {"execution_time": 0.2225346565246582, "passed": false}, "6": {"execution_time": 0.21436309814453125, "passed": true}, "7": {"execution_time": 0.2535214424133301, "passed": false}, "8": {"execution_time": 0.24615788459777832, "passed": true}, "9": {"execution_time": 0.2429971694946289, "passed": false}, "10": {"execution_time": 0.2314605712890625, "passed": true}, "11": {"execution_time": 0.22406983375549316, "passed": false}}}, "check_style_score": "1/1"}