{"version": "1", "message": "ERROR: Hidden Testcases server unreachable.", "problem_id": "ads2_m6_a1_1", "user_id": "rishikaharithaMSIT", "score": {"sample": {"0": {"execution_time": 0.3087003231048584, "passed": false}, "1": {"execution_time": 0.30907368659973145, "passed": false}, "2": {"execution_time": 0.3001255989074707, "passed": false}, "3": {"execution_time": 0.3508944511413574, "passed": false}, "4": {"execution_time": 0.28275442123413086, "passed": false}, "5": {"execution_time": 0.33156824111938477, "passed": false}, "6": {"execution_time": 0.2757871150970459, "passed": false}, "7": {"execution_time": 0.3084115982055664, "passed": false}, "8": {"execution_time": 0.2500169277191162, "passed": false}, "9": {"execution_time": 0.2926514148712158, "passed": false}, "10": {"execution_time": 0.2901289463043213, "passed": false}, "11": {"execution_time": 0.2801351547241211, "passed": false}}}, "check_style_score": "0/1"}