{"version": "1", "message": "ERROR: Hidden Testcases server unreachable.", "problem_id": "ads2_m6_a1_1", "user_id": "rishikaharithaMSIT", "score": {"sample": {"0": {"execution_time": 0.4043102264404297, "passed": false}, "1": {"execution_time": 0.4341259002685547, "passed": false}, "2": {"execution_time": 0.4184763431549072, "passed": false}, "3": {"execution_time": 0.4122018814086914, "passed": false}, "4": {"execution_time": 0.4196653366088867, "passed": false}, "5": {"execution_time": 0.41422128677368164, "passed": false}, "6": {"execution_time": 0.4149489402770996, "passed": true}, "7": {"execution_time": 0.4218723773956299, "passed": false}, "8": {"execution_time": 0.42220568656921387, "passed": true}, "9": {"execution_time": 0.42857861518859863, "passed": false}, "10": {"execution_time": 0.41500020027160645, "passed": true}, "11": {"execution_time": 0.4158899784088135, "passed": false}}}, "check_style_score": "1/1"}