{"version": "1", "message": "ERROR: Hidden Testcases server unreachable.", "problem_id": "ads2_m6_a1_1", "user_id": "rishikaharithaMSIT", "score": {"sample": {"0": {"execution_time": 0.31390810012817383, "passed": false}, "1": {"execution_time": 0.2951202392578125, "passed": false}, "2": {"execution_time": 0.31817054748535156, "passed": false}, "3": {"execution_time": 0.3155684471130371, "passed": false}, "4": {"execution_time": 0.31804990768432617, "passed": false}, "5": {"execution_time": 0.34134936332702637, "passed": false}, "6": {"execution_time": 0.3298213481903076, "passed": true}, "7": {"execution_time": 0.3099486827850342, "passed": false}, "8": {"execution_time": 0.3084282875061035, "passed": true}, "9": {"execution_time": 0.3312978744506836, "passed": false}, "10": {"execution_time": 0.3405752182006836, "passed": true}, "11": {"execution_time": 0.2971963882446289, "passed": false}}}, "check_style_score": "1/1"}