{"version": "1", "message": "ERROR: Hidden Testcases server unreachable.", "problem_id": "ads2_m6_a1_1", "user_id": "rishikaharithaMSIT", "score": {"sample": {"0": {"execution_time": 0.3744041919708252, "passed": false}, "1": {"execution_time": 0.38881945610046387, "passed": false}, "2": {"execution_time": 0.3845326900482178, "passed": false}, "3": {"execution_time": 0.4064908027648926, "passed": false}, "4": {"execution_time": 0.3882713317871094, "passed": false}, "5": {"execution_time": 0.43651819229125977, "passed": false}, "6": {"execution_time": 0.37407517433166504, "passed": true}, "7": {"execution_time": 0.4096493721008301, "passed": false}, "8": {"execution_time": 0.3782827854156494, "passed": true}, "9": {"execution_time": 0.40477538108825684, "passed": false}, "10": {"execution_time": 0.3745732307434082, "passed": true}, "11": {"execution_time": 0.39490532875061035, "passed": false}}}, "check_style_score": "1/1"}