{"version": "1", "message": "ERROR: Hidden Testcases server unreachable.", "problem_id": "ads2_m6_a1_1", "user_id": "rishikaharithaMSIT", "score": {"sample": {"0": {"execution_time": 0.6457033157348633, "passed": false}, "1": {"execution_time": 0.7859954833984375, "passed": false}, "2": {"execution_time": 0.7610456943511963, "passed": false}, "3": {"execution_time": 1.7339911460876465, "passed": false}, "4": {"execution_time": 0.9400570392608643, "passed": false}, "5": {"execution_time": 0.9931399822235107, "passed": false}, "6": {"execution_time": 0.6201212406158447, "passed": false}, "7": {"execution_time": 0.7960245609283447, "passed": false}, "8": {"execution_time": 0.799720048904419, "passed": false}, "9": {"execution_time": 1.063586950302124, "passed": false}, "10": {"execution_time": 0.444629430770874, "passed": false}, "11": {"execution_time": 3.467937469482422, "passed": false}}}, "check_style_score": "0/1"}