{"version": "1", "message": "ERROR: Hidden Testcases server unreachable.", "problem_id": "ads2_m6_a1_1", "user_id": "rishikaharithaMSIT", "score": {"sample": {"0": {"execution_time": 0.3797733783721924, "passed": false}, "1": {"execution_time": 0.3615376949310303, "passed": false}, "2": {"execution_time": 0.297055721282959, "passed": false}, "3": {"execution_time": 0.36443066596984863, "passed": false}, "4": {"execution_time": 0.35056281089782715, "passed": false}, "5": {"execution_time": 0.3205220699310303, "passed": false}, "6": {"execution_time": 0.2964332103729248, "passed": false}, "7": {"execution_time": 0.3101654052734375, "passed": false}, "8": {"execution_time": 0.3122234344482422, "passed": false}, "9": {"execution_time": 0.33134889602661133, "passed": false}, "10": {"execution_time": 0.28102636337280273, "passed": false}, "11": {"execution_time": 0.3506941795349121, "passed": false}}}, "check_style_score": "0/1"}