{"version": "1", "message": "ERROR: Hidden Testcases server unreachable.", "problem_id": "ads2_m6_a1_1", "user_id": "rishikaharithaMSIT", "score": {"sample": {"0": {"execution_time": 0.36039042472839355, "passed": false}, "1": {"execution_time": 0.3573172092437744, "passed": false}, "2": {"execution_time": 0.3212723731994629, "passed": false}, "3": {"execution_time": 0.3127102851867676, "passed": false}, "4": {"execution_time": 0.30138421058654785, "passed": false}, "5": {"execution_time": 0.3198843002319336, "passed": false}, "6": {"execution_time": 0.34680819511413574, "passed": false}, "7": {"execution_time": 0.30321764945983887, "passed": false}, "8": {"execution_time": 0.2520456314086914, "passed": false}, "9": {"execution_time": 0.32721900939941406, "passed": false}, "10": {"execution_time": 0.2930295467376709, "passed": false}, "11": {"execution_time": 0.2749035358428955, "passed": false}}}, "check_style_score": "0/1"}