{"version": "1", "message": "ERROR: Hidden Testcases server unreachable.", "problem_id": "ads2_m6_a1_1", "user_id": "rishikaharithaMSIT", "score": {"sample": {"0": {"execution_time": 0.3916339874267578, "passed": false}, "1": {"execution_time": 0.3994612693786621, "passed": false}, "2": {"execution_time": 0.42014098167419434, "passed": false}, "3": {"execution_time": 0.3725852966308594, "passed": false}, "4": {"execution_time": 0.39429521560668945, "passed": false}, "5": {"execution_time": 0.5254561901092529, "passed": false}, "6": {"execution_time": 0.39382147789001465, "passed": true}, "7": {"execution_time": 0.3770272731781006, "passed": false}, "8": {"execution_time": 0.389207124710083, "passed": true}, "9": {"execution_time": 0.39266419410705566, "passed": false}, "10": {"execution_time": 0.39489102363586426, "passed": true}, "11": {"execution_time": 0.41943788528442383, "passed": false}}}, "check_style_score": "1/1"}