{"version": "1", "message": "ERROR: Hidden Testcases server unreachable.", "problem_id": "ads2_m6_a1_1", "user_id": "rishikaharithaMSIT", "score": {"sample": {"0": {"execution_time": 0.3126871585845947, "passed": false}, "1": {"execution_time": 0.3229837417602539, "passed": false}, "2": {"execution_time": 0.3375208377838135, "passed": false}, "3": {"execution_time": 0.3236217498779297, "passed": false}, "4": {"execution_time": 0.29465460777282715, "passed": false}, "5": {"execution_time": 0.3276517391204834, "passed": false}, "6": {"execution_time": 0.27190184593200684, "passed": false}, "7": {"execution_time": 0.26146626472473145, "passed": false}, "8": {"execution_time": 0.31783390045166016, "passed": false}, "9": {"execution_time": 0.2978510856628418, "passed": false}, "10": {"execution_time": 0.2763485908508301, "passed": false}, "11": {"execution_time": 0.32465696334838867, "passed": false}}}, "check_style_score": "0/1"}