{"version": "1", "message": "ERROR: Hidden Testcases server unreachable.", "problem_id": "ads2_m6_a1_1", "user_id": "rishikaharithaMSIT", "score": {"sample": {"0": {"execution_time": 0.2180931568145752, "passed": false}, "1": {"execution_time": 0.26959776878356934, "passed": false}, "2": {"execution_time": 0.2248075008392334, "passed": false}, "3": {"execution_time": 0.2385268211364746, "passed": false}, "4": {"execution_time": 0.2606182098388672, "passed": false}, "5": {"execution_time": 0.24048542976379395, "passed": false}, "6": {"execution_time": 0.25671839714050293, "passed": true}, "7": {"execution_time": 0.2542281150817871, "passed": false}, "8": {"execution_time": 0.2589852809906006, "passed": true}, "9": {"execution_time": 0.24538135528564453, "passed": false}, "10": {"execution_time": 0.24564480781555176, "passed": true}, "11": {"execution_time": 0.2599766254425049, "passed": false}}}, "check_style_score": "1/1"}