{"version": "1", "message": "ERROR: Hidden Testcases server unreachable.", "problem_id": "ads2_m6_a1_1", "user_id": "rishikaharithaMSIT", "score": {"sample": {"0": {"execution_time": 0.3583681583404541, "passed": false}, "1": {"execution_time": 0.29777002334594727, "passed": false}, "2": {"execution_time": 0.3363955020904541, "passed": false}, "3": {"execution_time": 0.3376944065093994, "passed": false}, "4": {"execution_time": 0.29825711250305176, "passed": false}, "5": {"execution_time": 0.3834726810455322, "passed": false}, "6": {"execution_time": 0.36227941513061523, "passed": false}, "7": {"execution_time": 0.3772542476654053, "passed": false}, "8": {"execution_time": 0.3591945171356201, "passed": false}, "9": {"execution_time": 0.32827067375183105, "passed": false}, "10": {"execution_time": 0.3247685432434082, "passed": false}, "11": {"execution_time": 0.36155152320861816, "passed": false}}}, "check_style_score": "0/1"}