{"version": "1", "message": "ERROR: Hidden Testcases server unreachable.", "problem_id": "ads2_m6_a1_1", "user_id": "rishikaharithaMSIT", "score": {"sample": {"0": {"execution_time": 0.255465030670166, "passed": false}, "1": {"execution_time": 0.2627084255218506, "passed": false}, "2": {"execution_time": 0.2702760696411133, "passed": false}, "3": {"execution_time": 0.27053213119506836, "passed": false}, "4": {"execution_time": 0.26131677627563477, "passed": false}, "5": {"execution_time": 0.22680163383483887, "passed": false}, "6": {"execution_time": 0.24230313301086426, "passed": true}, "7": {"execution_time": 0.24151039123535156, "passed": false}, "8": {"execution_time": 0.2641255855560303, "passed": true}, "9": {"execution_time": 0.2620213031768799, "passed": false}, "10": {"execution_time": 0.2751932144165039, "passed": true}, "11": {"execution_time": 0.22191882133483887, "passed": false}}}, "check_style_score": "1/1"}