{"version": "1", "message": "ERROR: Hidden Testcases server unreachable.", "problem_id": "ads2_m6_a1_1", "user_id": "rishikaharithaMSIT", "score": {"sample": {"0": {"execution_time": 0.42261743545532227, "passed": false}, "1": {"execution_time": 0.2894117832183838, "passed": false}, "2": {"execution_time": 0.3068220615386963, "passed": false}, "3": {"execution_time": 0.28997206687927246, "passed": false}, "4": {"execution_time": 0.29187917709350586, "passed": false}, "5": {"execution_time": 0.28194212913513184, "passed": false}, "6": {"execution_time": 0.29636597633361816, "passed": false}, "7": {"execution_time": 0.2569150924682617, "passed": false}, "8": {"execution_time": 0.3342857360839844, "passed": false}, "9": {"execution_time": 0.3098909854888916, "passed": false}, "10": {"execution_time": 0.3150336742401123, "passed": false}, "11": {"execution_time": 0.3251950740814209, "passed": false}}}, "check_style_score": "0/1"}