{"version": "1", "message": "ERROR: Hidden Testcases server unreachable.", "problem_id": "ads2_m6_a1_1", "user_id": "rishikaharithaMSIT", "score": {"sample": {"0": {"execution_time": 0.22879815101623535, "passed": false}, "1": {"execution_time": 0.2664642333984375, "passed": false}, "2": {"execution_time": 0.25084567070007324, "passed": false}, "3": {"execution_time": 0.2554745674133301, "passed": false}, "4": {"execution_time": 0.28734731674194336, "passed": false}, "5": {"execution_time": 0.277768611907959, "passed": false}, "6": {"execution_time": 0.22390079498291016, "passed": true}, "7": {"execution_time": 0.23176908493041992, "passed": false}, "8": {"execution_time": 0.24769020080566406, "passed": true}, "9": {"execution_time": 0.278217077255249, "passed": false}, "10": {"execution_time": 0.2508738040924072, "passed": true}, "11": {"execution_time": 0.2823202610015869, "passed": false}}}, "check_style_score": "1/1"}