{"version": "1", "message": "ERROR: Hidden Testcases server unreachable.", "problem_id": "ads2_m6_a1_1", "user_id": "rishikaharithaMSIT", "score": {"sample": {"0": {"execution_time": 0.9718701839447021, "passed": false}, "1": {"execution_time": 0.32796192169189453, "passed": false}, "2": {"execution_time": 0.3425920009613037, "passed": false}, "3": {"execution_time": 0.2936270236968994, "passed": false}, "4": {"execution_time": 0.36968255043029785, "passed": false}, "5": {"execution_time": 0.3246269226074219, "passed": false}, "6": {"execution_time": 0.3650195598602295, "passed": true}, "7": {"execution_time": 0.3455657958984375, "passed": false}, "8": {"execution_time": 0.3233778476715088, "passed": true}, "9": {"execution_time": 0.3163113594055176, "passed": false}, "10": {"execution_time": 0.35022711753845215, "passed": true}, "11": {"execution_time": 0.32389044761657715, "passed": false}}}, "check_style_score": "1/1"}