{"version": "1", "message": "ERROR: Hidden Testcases server unreachable.", "problem_id": "ads2_m6_a1_1", "user_id": "rishikaharithaMSIT", "score": {"sample": {"0": {"execution_time": 0.40970444679260254, "passed": false}, "1": {"execution_time": 0.4041447639465332, "passed": false}, "2": {"execution_time": 0.41879916191101074, "passed": false}, "3": {"execution_time": 0.4125654697418213, "passed": false}, "4": {"execution_time": 0.37209248542785645, "passed": false}, "5": {"execution_time": 0.41434693336486816, "passed": false}, "6": {"execution_time": 0.3707270622253418, "passed": true}, "7": {"execution_time": 0.46540188789367676, "passed": false}, "8": {"execution_time": 0.39824676513671875, "passed": true}, "9": {"execution_time": 0.4408535957336426, "passed": false}, "10": {"execution_time": 0.40354228019714355, "passed": true}, "11": {"execution_time": 0.392061710357666, "passed": false}}}, "check_style_score": "1/1"}