{"version": "1", "message": "ERROR: Hidden Testcases server unreachable.", "problem_id": "ads2_m6_a1_1", "user_id": "rishikaharithaMSIT", "score": {"sample": {"0": {"execution_time": 0.2740166187286377, "passed": false}, "1": {"execution_time": 0.2604560852050781, "passed": false}, "2": {"execution_time": 0.26879215240478516, "passed": false}, "3": {"execution_time": 0.2568387985229492, "passed": false}, "4": {"execution_time": 0.2886333465576172, "passed": false}, "5": {"execution_time": 0.26146411895751953, "passed": false}, "6": {"execution_time": 0.2785038948059082, "passed": false}, "7": {"execution_time": 0.2842977046966553, "passed": false}, "8": {"execution_time": 0.2518279552459717, "passed": false}, "9": {"execution_time": 0.2312791347503662, "passed": false}, "10": {"execution_time": 0.27250075340270996, "passed": false}, "11": {"execution_time": 0.23574233055114746, "passed": false}}}, "check_style_score": "0/1"}