{"version": "1", "message": "ERROR: Hidden Testcases server unreachable.", "problem_id": "ads2_m6_a1_1", "user_id": "rishikaharithaMSIT", "score": {"sample": {"0": {"execution_time": 0.41397738456726074, "passed": false}, "1": {"execution_time": 0.4653644561767578, "passed": false}, "2": {"execution_time": 0.795468807220459, "passed": false}, "3": {"execution_time": 0.443143367767334, "passed": false}, "4": {"execution_time": 0.3907191753387451, "passed": false}, "5": {"execution_time": 0.38225412368774414, "passed": false}, "6": {"execution_time": 0.37240052223205566, "passed": true}, "7": {"execution_time": 0.4117114543914795, "passed": false}, "8": {"execution_time": 0.45924949645996094, "passed": true}, "9": {"execution_time": 0.4137613773345947, "passed": false}, "10": {"execution_time": 0.38089728355407715, "passed": true}, "11": {"execution_time": 0.4469749927520752, "passed": false}}}, "check_style_score": "1/1"}