{"version": "1", "message": "ERROR: Hidden Testcases server unreachable.", "problem_id": "ads2_m6_a1_1", "user_id": "rishikaharithaMSIT", "score": {"sample": {"0": {"execution_time": 0.4592266082763672, "passed": false}, "1": {"execution_time": 0.5678284168243408, "passed": false}, "2": {"execution_time": 0.48004841804504395, "passed": false}, "3": {"execution_time": 0.5545520782470703, "passed": false}, "4": {"execution_time": 0.4868345260620117, "passed": false}, "5": {"execution_time": 0.5307550430297852, "passed": false}, "6": {"execution_time": 0.4723045825958252, "passed": false}, "7": {"execution_time": 0.5217759609222412, "passed": false}, "8": {"execution_time": 0.44142746925354004, "passed": false}, "9": {"execution_time": 0.4992220401763916, "passed": false}, "10": {"execution_time": 0.43781566619873047, "passed": false}, "11": {"execution_time": 0.5880935192108154, "passed": false}}}, "check_style_score": "1/1"}