{"version": "1", "message": "ERROR: Hidden Testcases server unreachable.", "problem_id": "ads2_m6_a1_1", "user_id": "rishikaharithaMSIT", "score": {"sample": {"0": {"execution_time": 0.34162330627441406, "passed": false}, "1": {"execution_time": 0.30681896209716797, "passed": false}, "2": {"execution_time": 0.3153402805328369, "passed": false}, "3": {"execution_time": 0.33074331283569336, "passed": false}, "4": {"execution_time": 0.334730863571167, "passed": false}, "5": {"execution_time": 0.36217474937438965, "passed": false}, "6": {"execution_time": 0.3169069290161133, "passed": false}, "7": {"execution_time": 0.32813143730163574, "passed": false}, "8": {"execution_time": 0.3016636371612549, "passed": false}, "9": {"execution_time": 0.3088395595550537, "passed": false}, "10": {"execution_time": 0.31708550453186035, "passed": false}, "11": {"execution_time": 0.3300294876098633, "passed": false}}}, "check_style_score": "0/1"}