{"version": "1", "message": "ERROR: Hidden Testcases server unreachable.", "problem_id": "ads2_m6_a1_1", "user_id": "rishikaharithaMSIT", "score": {"sample": {"0": {"execution_time": 1.112915277481079, "passed": false}, "1": {"execution_time": 0.41841673851013184, "passed": false}, "2": {"execution_time": 0.5278127193450928, "passed": false}, "3": {"execution_time": 0.4012584686279297, "passed": false}, "4": {"execution_time": 0.4039325714111328, "passed": false}, "5": {"execution_time": 0.3918733596801758, "passed": false}, "6": {"execution_time": 0.4396939277648926, "passed": true}, "7": {"execution_time": 0.5109341144561768, "passed": false}, "8": {"execution_time": 0.4317190647125244, "passed": true}, "9": {"execution_time": 0.4269697666168213, "passed": false}, "10": {"execution_time": 0.47002434730529785, "passed": true}, "11": {"execution_time": 0.448138952255249, "passed": false}}}, "check_style_score": "1/1"}