{"version": "1", "message": "ERROR: Hidden Testcases server unreachable.", "problem_id": "ads2_m6_a1_1", "user_id": "rishikaharithaMSIT", "score": {"sample": {"0": {"execution_time": 0.41936731338500977, "passed": false}, "1": {"execution_time": 0.4223017692565918, "passed": false}, "2": {"execution_time": 0.4206242561340332, "passed": false}, "3": {"execution_time": 0.40665674209594727, "passed": false}, "4": {"execution_time": 0.4101440906524658, "passed": false}, "5": {"execution_time": 0.4217498302459717, "passed": false}, "6": {"execution_time": 0.42769432067871094, "passed": true}, "7": {"execution_time": 0.42715001106262207, "passed": false}, "8": {"execution_time": 0.42838382720947266, "passed": true}, "9": {"execution_time": 0.42786359786987305, "passed": false}, "10": {"execution_time": 0.40659070014953613, "passed": true}, "11": {"execution_time": 0.41709208488464355, "passed": false}}}, "check_style_score": "1/1"}