{"version": "1", "message": "ERROR: Hidden Testcases server unreachable.", "problem_id": "ads2_m6_a1_1", "user_id": "rishikaharithaMSIT", "score": {"sample": {"0": {"execution_time": 0.449613094329834, "passed": false}, "1": {"execution_time": 0.42450642585754395, "passed": false}, "2": {"execution_time": 0.3799166679382324, "passed": false}, "3": {"execution_time": 0.4041767120361328, "passed": false}, "4": {"execution_time": 0.39255428314208984, "passed": false}, "5": {"execution_time": 0.38890528678894043, "passed": false}, "6": {"execution_time": 0.42391133308410645, "passed": true}, "7": {"execution_time": 0.3996706008911133, "passed": false}, "8": {"execution_time": 0.4628634452819824, "passed": true}, "9": {"execution_time": 0.3919675350189209, "passed": false}, "10": {"execution_time": 0.43278002738952637, "passed": true}, "11": {"execution_time": 0.40678858757019043, "passed": false}}}, "check_style_score": "1/1"}