{"version": "1", "message": "ERROR: Hidden Testcases server unreachable.", "problem_id": "ads2_m6_a1_1", "user_id": "rishikaharithaMSIT", "score": {"sample": {"0": {"execution_time": 0.24832868576049805, "passed": false}, "1": {"execution_time": 0.2573370933532715, "passed": false}, "2": {"execution_time": 0.2721734046936035, "passed": false}, "3": {"execution_time": 0.23514890670776367, "passed": false}, "4": {"execution_time": 0.2565910816192627, "passed": false}, "5": {"execution_time": 0.24048399925231934, "passed": false}, "6": {"execution_time": 0.2676055431365967, "passed": false}, "7": {"execution_time": 0.25327062606811523, "passed": false}, "8": {"execution_time": 0.25624561309814453, "passed": false}, "9": {"execution_time": 0.23423004150390625, "passed": false}, "10": {"execution_time": 0.25937366485595703, "passed": false}, "11": {"execution_time": 0.24070119857788086, "passed": false}}}, "check_style_score": "0/1"}