{"version": "1", "message": "ERROR: Hidden Testcases server unreachable.", "problem_id": "ads2_m6_a1_1", "user_id": "rishikaharithaMSIT", "score": {"sample": {"0": {"execution_time": 0.2978503704071045, "passed": false}, "1": {"execution_time": 0.32862043380737305, "passed": false}, "2": {"execution_time": 0.27953433990478516, "passed": false}, "3": {"execution_time": 0.3145463466644287, "passed": false}, "4": {"execution_time": 0.30143237113952637, "passed": false}, "5": {"execution_time": 0.33736681938171387, "passed": false}, "6": {"execution_time": 0.2930417060852051, "passed": false}, "7": {"execution_time": 0.35086512565612793, "passed": false}, "8": {"execution_time": 0.3283658027648926, "passed": false}, "9": {"execution_time": 0.3224787712097168, "passed": false}, "10": {"execution_time": 0.31757664680480957, "passed": false}, "11": {"execution_time": 0.31223320960998535, "passed": false}}}, "check_style_score": "0/1"}