{"version": "1", "message": "ERROR: Hidden Testcases server unreachable.", "problem_id": "ads2_m6_a1_1", "user_id": "rishikaharithaMSIT", "score": {"sample": {"0": {"execution_time": 0.42163920402526855, "passed": false}, "1": {"execution_time": 0.42704153060913086, "passed": false}, "2": {"execution_time": 0.42745161056518555, "passed": false}, "3": {"execution_time": 0.4357013702392578, "passed": false}, "4": {"execution_time": 0.43056583404541016, "passed": false}, "5": {"execution_time": 0.41113996505737305, "passed": false}, "6": {"execution_time": 0.4104020595550537, "passed": true}, "7": {"execution_time": 0.42705202102661133, "passed": false}, "8": {"execution_time": 0.41953539848327637, "passed": true}, "9": {"execution_time": 0.43419408798217773, "passed": false}, "10": {"execution_time": 0.42929863929748535, "passed": true}, "11": {"execution_time": 0.43718504905700684, "passed": false}}}, "check_style_score": "1/1"}