{"version": "1", "message": "ERROR: Hidden Testcases server unreachable.", "problem_id": "ads2_m6_a1_1", "user_id": "rishikaharithaMSIT", "score": {"sample": {"0": {"execution_time": 0.2936379909515381, "passed": false}, "1": {"execution_time": 0.41136956214904785, "passed": false}, "2": {"execution_time": 0.3278343677520752, "passed": false}, "3": {"execution_time": 0.3738377094268799, "passed": false}, "4": {"execution_time": 0.315335750579834, "passed": false}, "5": {"execution_time": 0.37256526947021484, "passed": false}, "6": {"execution_time": 0.27930617332458496, "passed": false}, "7": {"execution_time": 0.3077714443206787, "passed": false}, "8": {"execution_time": 0.2934293746948242, "passed": false}, "9": {"execution_time": 0.2764410972595215, "passed": false}, "10": {"execution_time": 0.3044774532318115, "passed": false}, "11": {"execution_time": 0.37142419815063477, "passed": false}}}, "check_style_score": "0/1"}