{"version": "1", "message": "ERROR: Hidden Testcases server unreachable.", "problem_id": "ads2_m6_a1_1", "user_id": "rishikaharithaMSIT", "score": {"sample": {"0": {"execution_time": 0.3052542209625244, "passed": false}, "1": {"execution_time": 0.300678014755249, "passed": false}, "2": {"execution_time": 0.3588292598724365, "passed": false}, "3": {"execution_time": 0.3272426128387451, "passed": false}, "4": {"execution_time": 0.37039971351623535, "passed": false}, "5": {"execution_time": 0.31301045417785645, "passed": false}, "6": {"execution_time": 0.3200979232788086, "passed": false}, "7": {"execution_time": 0.31122517585754395, "passed": false}, "8": {"execution_time": 0.3199295997619629, "passed": false}, "9": {"execution_time": 0.3418452739715576, "passed": false}, "10": {"execution_time": 0.33824586868286133, "passed": false}, "11": {"execution_time": 0.3735947608947754, "passed": false}}}, "check_style_score": "0/1"}