{"version": "1", "message": "ERROR: Hidden Testcases server unreachable.", "problem_id": "ads2_m6_a1_1", "user_id": "rishikaharithaMSIT", "score": {"sample": {"0": {"execution_time": 0.3155241012573242, "passed": false}, "1": {"execution_time": 0.2926619052886963, "passed": false}, "2": {"execution_time": 0.2990081310272217, "passed": false}, "3": {"execution_time": 0.3143947124481201, "passed": false}, "4": {"execution_time": 0.3329920768737793, "passed": false}, "5": {"execution_time": 0.3135049343109131, "passed": false}, "6": {"execution_time": 0.3339114189147949, "passed": false}, "7": {"execution_time": 0.32369256019592285, "passed": false}, "8": {"execution_time": 0.3045198917388916, "passed": false}, "9": {"execution_time": 0.3200514316558838, "passed": false}, "10": {"execution_time": 0.2634422779083252, "passed": false}, "11": {"execution_time": 0.27926158905029297, "passed": false}}}, "check_style_score": "0/1"}