{"version": "1", "message": "ERROR: Hidden Testcases server unreachable.", "problem_id": "ads2_m6_a1_1", "user_id": "rishikaharithaMSIT", "score": {"sample": {"0": {"execution_time": 0.9082386493682861, "passed": false}, "1": {"execution_time": 0.33077216148376465, "passed": false}, "2": {"execution_time": 0.3387138843536377, "passed": false}, "3": {"execution_time": 0.36243677139282227, "passed": false}, "4": {"execution_time": 0.32312750816345215, "passed": false}, "5": {"execution_time": 0.3346259593963623, "passed": false}, "6": {"execution_time": 0.32840490341186523, "passed": true}, "7": {"execution_time": 0.34551215171813965, "passed": false}, "8": {"execution_time": 0.3414289951324463, "passed": true}, "9": {"execution_time": 0.3435628414154053, "passed": false}, "10": {"execution_time": 0.34078049659729004, "passed": true}, "11": {"execution_time": 0.42472314834594727, "passed": false}}}, "check_style_score": "1/1"}