{"version": "1", "message": "ERROR: Hidden Testcases server unreachable.", "problem_id": "ads2_m6_a1_1", "user_id": "rishikaharithaMSIT", "score": {"sample": {"0": {"execution_time": 0.25264739990234375, "passed": false}, "1": {"execution_time": 0.24194693565368652, "passed": false}, "2": {"execution_time": 0.29926586151123047, "passed": false}, "3": {"execution_time": 0.31018781661987305, "passed": false}, "4": {"execution_time": 0.25557661056518555, "passed": false}, "5": {"execution_time": 0.24225711822509766, "passed": false}, "6": {"execution_time": 0.2827439308166504, "passed": false}, "7": {"execution_time": 0.2641768455505371, "passed": false}, "8": {"execution_time": 0.2629048824310303, "passed": false}, "9": {"execution_time": 0.2976565361022949, "passed": false}, "10": {"execution_time": 0.29582786560058594, "passed": false}, "11": {"execution_time": 0.26854825019836426, "passed": false}}}, "check_style_score": "0/1"}