{"version": "1", "message": "ERROR: Hidden Testcases server unreachable.", "problem_id": "ads2_m6_a1_1", "user_id": "rishikaharithaMSIT", "score": {"sample": {"0": {"execution_time": 0.41626429557800293, "passed": false}, "1": {"execution_time": 0.39615559577941895, "passed": false}, "2": {"execution_time": 0.37775421142578125, "passed": false}, "3": {"execution_time": 0.3854970932006836, "passed": false}, "4": {"execution_time": 0.3841211795806885, "passed": false}, "5": {"execution_time": 0.39788174629211426, "passed": false}, "6": {"execution_time": 0.41855525970458984, "passed": true}, "7": {"execution_time": 0.3684689998626709, "passed": false}, "8": {"execution_time": 0.4009273052215576, "passed": true}, "9": {"execution_time": 0.3954606056213379, "passed": false}, "10": {"execution_time": 0.38382792472839355, "passed": true}, "11": {"execution_time": 0.3949730396270752, "passed": false}}}, "check_style_score": "1/1"}