{"version": "1", "message": "ERROR: Hidden Testcases server unreachable.", "problem_id": "ads2_m6_a1_1", "user_id": "rishikaharithaMSIT", "score": {"sample": {"0": {"execution_time": 0.20793986320495605, "passed": false}, "1": {"execution_time": 0.2563157081604004, "passed": false}, "2": {"execution_time": 0.24369382858276367, "passed": false}, "3": {"execution_time": 0.2536585330963135, "passed": false}, "4": {"execution_time": 0.23050427436828613, "passed": false}, "5": {"execution_time": 0.2590954303741455, "passed": false}, "6": {"execution_time": 0.2533421516418457, "passed": true}, "7": {"execution_time": 0.22790098190307617, "passed": false}, "8": {"execution_time": 0.2326052188873291, "passed": true}, "9": {"execution_time": 0.2467496395111084, "passed": false}, "10": {"execution_time": 0.2068309783935547, "passed": true}, "11": {"execution_time": 0.23456501960754395, "passed": false}}}, "check_style_score": "1/1"}