{"version": "1", "message": "ERROR: Hidden Testcases server unreachable.", "problem_id": "ads2_m6_a1_1", "user_id": "rishikaharithaMSIT", "score": {"sample": {"0": {"execution_time": 0.32497310638427734, "passed": false}, "1": {"execution_time": 0.32076025009155273, "passed": false}, "2": {"execution_time": 0.30049943923950195, "passed": false}, "3": {"execution_time": 0.35475611686706543, "passed": false}, "4": {"execution_time": 0.29052019119262695, "passed": false}, "5": {"execution_time": 0.28890371322631836, "passed": false}, "6": {"execution_time": 0.3469533920288086, "passed": false}, "7": {"execution_time": 0.2840886116027832, "passed": false}, "8": {"execution_time": 0.3129875659942627, "passed": false}, "9": {"execution_time": 0.34424877166748047, "passed": false}, "10": {"execution_time": 0.33887267112731934, "passed": false}, "11": {"execution_time": 0.37987375259399414, "passed": false}}}, "check_style_score": "0/1"}