{"version": "1", "message": "ERROR: Hidden Testcases server unreachable.", "problem_id": "ads2_m6_a1_1", "user_id": "rishikaharithaMSIT", "score": {"sample": {"0": {"execution_time": 0.41324758529663086, "passed": false}, "1": {"execution_time": 0.48099327087402344, "passed": false}, "2": {"execution_time": 0.3773810863494873, "passed": false}, "3": {"execution_time": 0.43676185607910156, "passed": false}, "4": {"execution_time": 0.5163834095001221, "passed": false}, "5": {"execution_time": 0.43987321853637695, "passed": false}, "6": {"execution_time": 0.4543132781982422, "passed": true}, "7": {"execution_time": 0.4279055595397949, "passed": false}, "8": {"execution_time": 0.41049718856811523, "passed": true}, "9": {"execution_time": 0.3968503475189209, "passed": false}, "10": {"execution_time": 0.4631917476654053, "passed": true}, "11": {"execution_time": 0.433459997177124, "passed": false}}}, "check_style_score": "1/1"}