{"version": "1", "message": "ERROR: Hidden Testcases server unreachable.", "problem_id": "ads2_m6_a1_1", "user_id": "rishikaharithaMSIT", "score": {"sample": {"0": {"execution_time": 0.20917487144470215, "passed": false}, "1": {"execution_time": 0.23252582550048828, "passed": false}, "2": {"execution_time": 0.24134540557861328, "passed": false}, "3": {"execution_time": 0.27127957344055176, "passed": false}, "4": {"execution_time": 0.2394099235534668, "passed": false}, "5": {"execution_time": 0.2270660400390625, "passed": false}, "6": {"execution_time": 0.22358107566833496, "passed": true}, "7": {"execution_time": 0.22063064575195312, "passed": false}, "8": {"execution_time": 0.2659420967102051, "passed": true}, "9": {"execution_time": 0.2701425552368164, "passed": false}, "10": {"execution_time": 0.2942960262298584, "passed": true}, "11": {"execution_time": 0.23218631744384766, "passed": false}}}, "check_style_score": "1/1"}