{"version": "1", "message": "ERROR: Hidden Testcases server unreachable.", "problem_id": "ads2_m6_a1_1", "user_id": "rishikaharithaMSIT", "score": {"sample": {"0": {"execution_time": 0.2552297115325928, "passed": false}, "1": {"execution_time": 0.2698173522949219, "passed": false}, "2": {"execution_time": 0.24591469764709473, "passed": false}, "3": {"execution_time": 0.2964963912963867, "passed": false}, "4": {"execution_time": 0.23880982398986816, "passed": false}, "5": {"execution_time": 0.24401617050170898, "passed": false}, "6": {"execution_time": 0.26055431365966797, "passed": false}, "7": {"execution_time": 0.23869633674621582, "passed": false}, "8": {"execution_time": 0.24958395957946777, "passed": false}, "9": {"execution_time": 0.2650032043457031, "passed": false}, "10": {"execution_time": 0.2577955722808838, "passed": false}, "11": {"execution_time": 0.2554900646209717, "passed": false}}}, "check_style_score": "0/1"}