{"version": "1", "message": "ERROR: Hidden Testcases server unreachable.", "problem_id": "ads2_m6_a1_1", "user_id": "rishikaharithaMSIT", "score": {"sample": {"0": {"execution_time": 0.4087386131286621, "passed": false}, "1": {"execution_time": 0.40143585205078125, "passed": false}, "2": {"execution_time": 0.40035057067871094, "passed": false}, "3": {"execution_time": 0.442462682723999, "passed": false}, "4": {"execution_time": 0.36777496337890625, "passed": false}, "5": {"execution_time": 0.3962383270263672, "passed": false}, "6": {"execution_time": 0.39885377883911133, "passed": true}, "7": {"execution_time": 0.381589412689209, "passed": false}, "8": {"execution_time": 0.39027953147888184, "passed": true}, "9": {"execution_time": 0.3921515941619873, "passed": false}, "10": {"execution_time": 0.40360307693481445, "passed": true}, "11": {"execution_time": 0.38988280296325684, "passed": false}}}, "check_style_score": "1/1"}