{"version": "1", "message": "ERROR: Hidden Testcases server unreachable.", "problem_id": "ads2_m6_a1_1", "user_id": "rishikaharithaMSIT", "score": {"sample": {"0": {"execution_time": 0.2919764518737793, "passed": false}, "1": {"execution_time": 0.2935478687286377, "passed": false}, "2": {"execution_time": 0.32029128074645996, "passed": false}, "3": {"execution_time": 0.3026392459869385, "passed": false}, "4": {"execution_time": 0.29544782638549805, "passed": false}, "5": {"execution_time": 0.2718651294708252, "passed": false}, "6": {"execution_time": 0.26924967765808105, "passed": false}, "7": {"execution_time": 0.2974734306335449, "passed": false}, "8": {"execution_time": 0.261091947555542, "passed": false}, "9": {"execution_time": 0.26114392280578613, "passed": false}, "10": {"execution_time": 0.2980325222015381, "passed": false}, "11": {"execution_time": 0.30232834815979004, "passed": false}}}, "check_style_score": "0/1"}