{"version": "1", "message": "ERROR: Hidden Testcases server unreachable.", "problem_id": "ads2_m6_a1_1", "user_id": "rishikaharithaMSIT", "score": {"sample": {"0": {"execution_time": 0.307692289352417, "passed": false}, "1": {"execution_time": 0.3440673351287842, "passed": false}, "2": {"execution_time": 0.29374241828918457, "passed": false}, "3": {"execution_time": 0.263047456741333, "passed": false}, "4": {"execution_time": 0.2668001651763916, "passed": false}, "5": {"execution_time": 0.27428603172302246, "passed": false}, "6": {"execution_time": 0.2869596481323242, "passed": true}, "7": {"execution_time": 0.2753772735595703, "passed": false}, "8": {"execution_time": 0.28885364532470703, "passed": true}, "9": {"execution_time": 0.29284048080444336, "passed": false}, "10": {"execution_time": 0.3178393840789795, "passed": true}, "11": {"execution_time": 0.2994263172149658, "passed": false}}}, "check_style_score": "1/1"}