{"version": "1", "message": "ERROR: Hidden Testcases server unreachable.", "problem_id": "ads2_m6_a1_1", "user_id": "rishikaharithaMSIT", "score": {"sample": {"0": {"execution_time": 0.3953890800476074, "passed": false}, "1": {"execution_time": 0.39427661895751953, "passed": false}, "2": {"execution_time": 0.4073774814605713, "passed": false}, "3": {"execution_time": 0.39170026779174805, "passed": false}, "4": {"execution_time": 0.3761601448059082, "passed": false}, "5": {"execution_time": 0.4159269332885742, "passed": false}, "6": {"execution_time": 0.40807390213012695, "passed": true}, "7": {"execution_time": 0.3761320114135742, "passed": false}, "8": {"execution_time": 0.3793489933013916, "passed": true}, "9": {"execution_time": 0.4119539260864258, "passed": false}, "10": {"execution_time": 0.3859856128692627, "passed": true}, "11": {"execution_time": 0.4044833183288574, "passed": false}}}, "check_style_score": "1/1"}