{"version": "1", "message": "ERROR: Hidden Testcases server unreachable.", "problem_id": "ads2_m6_a1_1", "user_id": "rishikaharithaMSIT", "score": {"sample": {"0": {"execution_time": 0.26300573348999023, "passed": false}, "1": {"execution_time": 0.2843606472015381, "passed": false}, "2": {"execution_time": 0.2847330570220947, "passed": false}, "3": {"execution_time": 0.30544376373291016, "passed": false}, "4": {"execution_time": 0.2527189254760742, "passed": false}, "5": {"execution_time": 0.2863600254058838, "passed": false}, "6": {"execution_time": 0.26975417137145996, "passed": false}, "7": {"execution_time": 0.31026601791381836, "passed": false}, "8": {"execution_time": 0.260800838470459, "passed": false}, "9": {"execution_time": 0.29729652404785156, "passed": false}, "10": {"execution_time": 0.2675821781158447, "passed": false}, "11": {"execution_time": 0.2822914123535156, "passed": false}}}, "check_style_score": "0/1"}