{"version": "1", "message": "ERROR: Hidden Testcases server unreachable.", "problem_id": "ads2_m6_a1_1", "user_id": "rishikaharithaMSIT", "score": {"sample": {"0": {"execution_time": 0.26087403297424316, "passed": false}, "1": {"execution_time": 0.2824673652648926, "passed": false}, "2": {"execution_time": 0.3105599880218506, "passed": false}, "3": {"execution_time": 0.38811492919921875, "passed": false}, "4": {"execution_time": 0.32217860221862793, "passed": false}, "5": {"execution_time": 0.3052809238433838, "passed": false}, "6": {"execution_time": 0.32445192337036133, "passed": false}, "7": {"execution_time": 0.34013915061950684, "passed": false}, "8": {"execution_time": 0.3563969135284424, "passed": false}, "9": {"execution_time": 0.34525275230407715, "passed": false}, "10": {"execution_time": 0.3105194568634033, "passed": false}, "11": {"execution_time": 0.28745484352111816, "passed": false}}}, "check_style_score": "0/1"}