{"version": "1", "message": "ERROR: Hidden Testcases server unreachable.", "problem_id": "ads2_m6_a1_1", "user_id": "rishikaharithaMSIT", "score": {"sample": {"0": {"execution_time": 0.31240057945251465, "passed": false}, "1": {"execution_time": 0.332348108291626, "passed": false}, "2": {"execution_time": 0.3213176727294922, "passed": false}, "3": {"execution_time": 0.32947874069213867, "passed": false}, "4": {"execution_time": 0.3075246810913086, "passed": false}, "5": {"execution_time": 0.36287498474121094, "passed": false}, "6": {"execution_time": 0.3348672389984131, "passed": false}, "7": {"execution_time": 0.32036924362182617, "passed": false}, "8": {"execution_time": 0.34798622131347656, "passed": false}, "9": {"execution_time": 0.3015315532684326, "passed": false}, "10": {"execution_time": 0.31890058517456055, "passed": false}, "11": {"execution_time": 0.36196446418762207, "passed": false}}}, "check_style_score": "0/1"}