{"version": "1", "message": "ERROR: Hidden Testcases server unreachable.", "problem_id": "ads2_m6_a1_1", "user_id": "rishikaharithaMSIT", "score": {"sample": {"0": {"execution_time": 0.42359113693237305, "passed": false}, "1": {"execution_time": 0.38753437995910645, "passed": false}, "2": {"execution_time": 0.36438679695129395, "passed": false}, "3": {"execution_time": 0.4007251262664795, "passed": false}, "4": {"execution_time": 0.3885321617126465, "passed": false}, "5": {"execution_time": 0.4282345771789551, "passed": false}, "6": {"execution_time": 0.3931615352630615, "passed": true}, "7": {"execution_time": 0.41013264656066895, "passed": false}, "8": {"execution_time": 0.39221715927124023, "passed": true}, "9": {"execution_time": 0.39949464797973633, "passed": false}, "10": {"execution_time": 0.39147496223449707, "passed": true}, "11": {"execution_time": 0.39731669425964355, "passed": false}}}, "check_style_score": "1/1"}