{"version": "1", "message": "ERROR: Hidden Testcases server unreachable.", "problem_id": "ads2_m6_a1_1", "user_id": "rishikaharithaMSIT", "score": {"sample": {"0": {"execution_time": 0.3426530361175537, "passed": false}, "1": {"execution_time": 0.30457019805908203, "passed": false}, "2": {"execution_time": 0.35028839111328125, "passed": false}, "3": {"execution_time": 0.30654311180114746, "passed": false}, "4": {"execution_time": 0.3390345573425293, "passed": false}, "5": {"execution_time": 0.3376922607421875, "passed": false}, "6": {"execution_time": 0.3100419044494629, "passed": true}, "7": {"execution_time": 0.3543257713317871, "passed": false}, "8": {"execution_time": 0.30647969245910645, "passed": true}, "9": {"execution_time": 0.3202369213104248, "passed": false}, "10": {"execution_time": 0.3221621513366699, "passed": true}, "11": {"execution_time": 0.3766493797302246, "passed": false}}}, "check_style_score": "1/1"}