{"version": "1", "message": "ERROR: Hidden Testcases server unreachable.", "problem_id": "ads2_m6_a1_1", "user_id": "rishikaharithaMSIT", "score": {"sample": {"0": {"execution_time": 0.5435287952423096, "passed": false}, "1": {"execution_time": 0.6467728614807129, "passed": false}, "2": {"execution_time": 0.6940572261810303, "passed": false}, "3": {"execution_time": 1.649146318435669, "passed": false}, "4": {"execution_time": 0.8666667938232422, "passed": false}, "5": {"execution_time": 0.8712120056152344, "passed": false}, "6": {"execution_time": 0.60343337059021, "passed": false}, "7": {"execution_time": 0.7664010524749756, "passed": false}, "8": {"execution_time": 0.7910459041595459, "passed": false}, "9": {"execution_time": 0.9610679149627686, "passed": false}, "10": {"execution_time": 0.400557279586792, "passed": false}, "11": {"execution_time": 3.3157453536987305, "passed": false}}}, "check_style_score": "0/1"}