{"version": "1", "message": "ERROR: Hidden Testcases server unreachable.", "problem_id": "ads2_m6_a1_1", "user_id": "rishikaharithaMSIT", "score": {"sample": {"0": {"execution_time": 0.3765411376953125, "passed": false}, "1": {"execution_time": 0.4034574031829834, "passed": false}, "2": {"execution_time": 0.3661329746246338, "passed": false}, "3": {"execution_time": 0.45506906509399414, "passed": false}, "4": {"execution_time": 0.3617093563079834, "passed": false}, "5": {"execution_time": 0.3976163864135742, "passed": false}, "6": {"execution_time": 0.3778696060180664, "passed": false}, "7": {"execution_time": 0.3391683101654053, "passed": false}, "8": {"execution_time": 0.3778831958770752, "passed": false}, "9": {"execution_time": 0.4347565174102783, "passed": false}, "10": {"execution_time": 0.3618600368499756, "passed": false}, "11": {"execution_time": 0.4497344493865967, "passed": false}}}, "check_style_score": "0/1"}