{"version": "1", "message": "ERROR: Hidden Testcases server unreachable.", "problem_id": "ads2_m6_a1_1", "user_id": "rishikaharithaMSIT", "score": {"sample": {"0": {"execution_time": 0.4064035415649414, "passed": false}, "1": {"execution_time": 0.38018155097961426, "passed": false}, "2": {"execution_time": 0.37821483612060547, "passed": false}, "3": {"execution_time": 0.37809300422668457, "passed": false}, "4": {"execution_time": 0.3982863426208496, "passed": false}, "5": {"execution_time": 0.4155879020690918, "passed": false}, "6": {"execution_time": 0.37469911575317383, "passed": true}, "7": {"execution_time": 0.3947117328643799, "passed": false}, "8": {"execution_time": 0.4009370803833008, "passed": true}, "9": {"execution_time": 0.45168137550354004, "passed": false}, "10": {"execution_time": 0.4012155532836914, "passed": true}, "11": {"execution_time": 0.38886404037475586, "passed": false}}}, "check_style_score": "1/1"}