{"version": "1", "message": "ERROR: Hidden Testcases server unreachable.", "problem_id": "ads2_m6_a1_1", "user_id": "rishikaharithaMSIT", "score": {"sample": {"0": {"execution_time": 0.3327443599700928, "passed": false}, "1": {"execution_time": 0.30011701583862305, "passed": false}, "2": {"execution_time": 0.33351755142211914, "passed": false}, "3": {"execution_time": 0.3113999366760254, "passed": false}, "4": {"execution_time": 0.3156397342681885, "passed": false}, "5": {"execution_time": 0.30504918098449707, "passed": false}, "6": {"execution_time": 0.33913445472717285, "passed": true}, "7": {"execution_time": 0.30307984352111816, "passed": false}, "8": {"execution_time": 0.3066716194152832, "passed": true}, "9": {"execution_time": 0.31650543212890625, "passed": false}, "10": {"execution_time": 0.2855715751647949, "passed": true}, "11": {"execution_time": 0.290618896484375, "passed": false}}}, "check_style_score": "1/1"}