{"version": "1", "message": "ERROR: Hidden Testcases server unreachable.", "problem_id": "ads2_m6_a1_1", "user_id": "rishikaharithaMSIT", "score": {"sample": {"0": {"execution_time": 0.4325380325317383, "passed": false}, "1": {"execution_time": 0.41200876235961914, "passed": false}, "2": {"execution_time": 0.46124887466430664, "passed": false}, "3": {"execution_time": 0.5095705986022949, "passed": false}, "4": {"execution_time": 0.4255383014678955, "passed": false}, "5": {"execution_time": 0.4186239242553711, "passed": false}, "6": {"execution_time": 0.4256775379180908, "passed": true}, "7": {"execution_time": 0.47439026832580566, "passed": false}, "8": {"execution_time": 0.47937655448913574, "passed": true}, "9": {"execution_time": 0.4306154251098633, "passed": false}, "10": {"execution_time": 0.43572306632995605, "passed": true}, "11": {"execution_time": 0.4147164821624756, "passed": false}}}, "check_style_score": "1/1"}