{"version": "1", "message": "ERROR: Hidden Testcases server unreachable.", "problem_id": "ads2_m6_a1_1", "user_id": "rishikaharithaMSIT", "score": {"sample": {"0": {"execution_time": 0.30873990058898926, "passed": false}, "1": {"execution_time": 0.3182871341705322, "passed": false}, "2": {"execution_time": 0.3286464214324951, "passed": false}, "3": {"execution_time": 0.32719922065734863, "passed": false}, "4": {"execution_time": 0.3374810218811035, "passed": false}, "5": {"execution_time": 0.30499935150146484, "passed": false}, "6": {"execution_time": 0.3560643196105957, "passed": false}, "7": {"execution_time": 0.2951211929321289, "passed": false}, "8": {"execution_time": 0.3098933696746826, "passed": false}, "9": {"execution_time": 0.3377552032470703, "passed": false}, "10": {"execution_time": 0.2969644069671631, "passed": false}, "11": {"execution_time": 0.3241140842437744, "passed": false}}}, "check_style_score": "0/1"}