{"version": "1", "message": "ERROR: Hidden Testcases server unreachable.", "problem_id": "ads2_m6_a1_1", "user_id": "rishikaharithaMSIT", "score": {"sample": {"0": {"execution_time": 0.32578229904174805, "passed": false}, "1": {"execution_time": 0.2978835105895996, "passed": false}, "2": {"execution_time": 0.36201953887939453, "passed": false}, "3": {"execution_time": 0.317737340927124, "passed": false}, "4": {"execution_time": 0.31967926025390625, "passed": false}, "5": {"execution_time": 0.29622769355773926, "passed": false}, "6": {"execution_time": 0.39130640029907227, "passed": true}, "7": {"execution_time": 0.3768486976623535, "passed": false}, "8": {"execution_time": 0.32024216651916504, "passed": true}, "9": {"execution_time": 0.38196825981140137, "passed": false}, "10": {"execution_time": 0.40276646614074707, "passed": true}, "11": {"execution_time": 0.32251811027526855, "passed": false}}}, "check_style_score": "1/1"}