{"version": "1", "message": "ERROR: Hidden Testcases server unreachable.", "problem_id": "ads2_m6_a1_1", "user_id": "rishikaharithaMSIT", "score": {"sample": {"0": {"execution_time": 0.31606197357177734, "passed": false}, "1": {"execution_time": 0.3173947334289551, "passed": false}, "2": {"execution_time": 0.31391024589538574, "passed": false}, "3": {"execution_time": 0.2782559394836426, "passed": false}, "4": {"execution_time": 0.2810709476470947, "passed": false}, "5": {"execution_time": 0.28271007537841797, "passed": false}, "6": {"execution_time": 0.2810981273651123, "passed": true}, "7": {"execution_time": 0.3214116096496582, "passed": false}, "8": {"execution_time": 0.29616284370422363, "passed": true}, "9": {"execution_time": 0.29490137100219727, "passed": false}, "10": {"execution_time": 0.30336666107177734, "passed": true}, "11": {"execution_time": 0.27994847297668457, "passed": false}}}, "check_style_score": "0/1"}