{"version": "1", "message": "ERROR: Hidden Testcases server unreachable.", "problem_id": "ads2_m4_a1_1", "user_id": "rishikaharithaMSIT", "score": {"sample": {"0": {"execution_time": 1.3000690937042236, "passed": false}, "1": {"execution_time": 0.40827441215515137, "passed": false}, "2": {"execution_time": 0.6005468368530273, "passed": false}, "3": {"execution_time": 0.50111985206604, "passed": false}, "4": {"execution_time": 0.35003232955932617, "passed": false}, "5": {"execution_time": 0.3722825050354004, "passed": false}, "6": {"execution_time": 0.33587193489074707, "passed": false}, "7": {"execution_time": 0.36975812911987305, "passed": false}, "8": {"execution_time": 0.35999250411987305, "passed": false}, "9": {"execution_time": 0.3919093608856201, "passed": false}, "10": {"execution_time": 0.4122135639190674, "passed": false}, "11": {"execution_time": 0.3638908863067627, "passed": false}, "12": {"execution_time": 0.335956335067749, "passed": false}, "13": {"execution_time": 2.3223514556884766, "passed": false}, "14": {"execution_time": 0.44220829010009766, "passed": false}}}, "check_style_score": "0/1"}