{"version": "1", "message": "ERROR: Hidden Testcases server unreachable.", "problem_id": "ads2_m4_a1_1", "user_id": "rishikaharithaMSIT", "score": {"sample": {"0": {"execution_time": 0.37927865982055664, "passed": false}, "1": {"execution_time": 0.41834568977355957, "passed": false}, "2": {"execution_time": 0.4522571563720703, "passed": false}, "3": {"execution_time": 0.4680969715118408, "passed": false}, "4": {"execution_time": 0.39565443992614746, "passed": false}, "5": {"execution_time": 0.3729689121246338, "passed": false}, "6": {"execution_time": 0.3793926239013672, "passed": false}, "7": {"execution_time": 0.3701517581939697, "passed": false}, "8": {"execution_time": 0.38426637649536133, "passed": false}, "9": {"execution_time": 0.36847662925720215, "passed": false}, "10": {"execution_time": 0.38056397438049316, "passed": false}, "11": {"execution_time": 0.38877177238464355, "passed": false}, "12": {"execution_time": 0.3818235397338867, "passed": false}, "13": {"execution_time": 1.9317796230316162, "passed": false}, "14": {"execution_time": 0.38129568099975586, "passed": false}}}, "check_style_score": "0/1"}