{"version": "1", "message": "ERROR: Hidden Testcases server unreachable.", "problem_id": "ads2_m4_a1_1", "user_id": "rishikaharithaMSIT", "score": {"sample": {"0": {"execution_time": 0.520988941192627, "passed": false}, "1": {"execution_time": 0.3937962055206299, "passed": false}, "2": {"execution_time": 0.513709545135498, "passed": false}, "3": {"execution_time": 0.470104455947876, "passed": false}, "4": {"execution_time": 0.3898148536682129, "passed": false}, "5": {"execution_time": 0.371875524520874, "passed": false}, "6": {"execution_time": 0.3986215591430664, "passed": false}, "7": {"execution_time": 0.3660399913787842, "passed": false}, "8": {"execution_time": 0.3710181713104248, "passed": false}, "9": {"execution_time": 0.40103816986083984, "passed": false}, "10": {"execution_time": 0.4107203483581543, "passed": false}, "11": {"execution_time": 0.38208651542663574, "passed": false}, "12": {"execution_time": 0.37377142906188965, "passed": false}, "13": {"execution_time": 1.9419426918029785, "passed": false}, "14": {"execution_time": 0.3809807300567627, "passed": false}}}, "check_style_score": "0/1"}