{"version": "1", "message": "ERROR: Hidden Testcases server unreachable.", "problem_id": "ads2_m4_a1_1", "user_id": "rishikaharithaMSIT", "score": {"sample": {"0": {"execution_time": 0.4092438220977783, "passed": false}, "1": {"execution_time": 0.3650221824645996, "passed": false}, "2": {"execution_time": 0.43865346908569336, "passed": false}, "3": {"execution_time": 0.4278538227081299, "passed": false}, "4": {"execution_time": 0.3996541500091553, "passed": false}, "5": {"execution_time": 0.43277812004089355, "passed": false}, "6": {"execution_time": 0.37911105155944824, "passed": false}, "7": {"execution_time": 0.36147022247314453, "passed": false}, "8": {"execution_time": 0.4299740791320801, "passed": false}, "9": {"execution_time": 0.38593363761901855, "passed": false}, "10": {"execution_time": 0.3835597038269043, "passed": false}, "11": {"execution_time": 0.39453768730163574, "passed": false}, "12": {"execution_time": 0.4315817356109619, "passed": false}, "13": {"execution_time": 1.9772529602050781, "passed": false}, "14": {"execution_time": 0.3681349754333496, "passed": false}}}, "check_style_score": "0/1"}