{"version": "1", "message": "ERROR: Hidden Testcases server unreachable.", "problem_id": "ads2_m4_a1_1", "user_id": "rishikaharithaMSIT", "score": {"sample": {"0": {"execution_time": 0.38231825828552246, "passed": false}, "1": {"execution_time": 0.41876959800720215, "passed": false}, "2": {"execution_time": 0.4421505928039551, "passed": false}, "3": {"execution_time": 0.4974656105041504, "passed": false}, "4": {"execution_time": 0.37545251846313477, "passed": false}, "5": {"execution_time": 0.36644411087036133, "passed": false}, "6": {"execution_time": 0.38440513610839844, "passed": false}, "7": {"execution_time": 0.3968794345855713, "passed": false}, "8": {"execution_time": 0.3838469982147217, "passed": false}, "9": {"execution_time": 0.3869764804840088, "passed": false}, "10": {"execution_time": 0.37428760528564453, "passed": false}, "11": {"execution_time": 0.4232161045074463, "passed": false}, "12": {"execution_time": 0.38587379455566406, "passed": false}, "13": {"execution_time": 2.0281307697296143, "passed": false}, "14": {"execution_time": 0.38567352294921875, "passed": false}}}, "check_style_score": "0/1"}