{"version": "1", "message": "ERROR: Hidden Testcases server unreachable.", "problem_id": "ads2_m16_a1_1", "user_id": "rishikaharithaMSIT", "score": {"sample": {"0": {"execution_time": 0.30884885787963867, "passed": false}, "1": {"execution_time": 0.2951638698577881, "passed": false}, "2": {"execution_time": 0.5620400905609131, "passed": false}, "3": {"execution_time": 0.594228982925415, "passed": false}, "4": {"execution_time": 0.5434091091156006, "passed": false}, "5": {"execution_time": 0.5922331809997559, "passed": false}, "6": {"execution_time": 0.5594947338104248, "passed": false}, "7": {"execution_time": 0.5511128902435303, "passed": false}, "8": {"execution_time": 0.34275150299072266, "passed": false}, "9": {"execution_time": 0.5536203384399414, "passed": false}, "10": {"execution_time": 0.563284158706665, "passed": false}, "11": {"execution_time": 0.23874378204345703, "passed": false}, "12": {"execution_time": 0.6392605304718018, "passed": false}, "13": {"execution_time": 0.29555773735046387, "passed": false}, "14": {"execution_time": 0.5933809280395508, "passed": false}, "15": {"execution_time": 0.5751631259918213, "passed": false}, "16": {"execution_time": 0.33016133308410645, "passed": false}, "17": {"execution_time": 0.32504749298095703, "passed": false}, "18": {"execution_time": 0.36908698081970215, "passed": false}, "19": {"execution_time": 0.3505699634552002, "passed": false}, "20": {"execution_time": 0.34521007537841797, "passed": false}, "21": {"execution_time": 0.3433349132537842, "passed": false}, "22": {"execution_time": 0.34050536155700684, "passed": false}, "23": {"execution_time": 0.32948923110961914, "passed": false}, "24": {"execution_time": 0.25559210777282715, "passed": false}, "25": {"execution_time": 0.5996983051300049, "passed": false}, "26": {"execution_time": 0.4994790554046631, "passed": false}, "27": {"execution_time": 0.582280158996582, "passed": false}, "28": {"execution_time": 0.7300856113433838, "passed": false}, "29": {"execution_time": 0.2841157913208008, "passed": false}}}, "check_style_score": "0/1"}