{"version": "1", "message": "ERROR: Hidden Testcases server unreachable.", "problem_id": "ads2_m16_a1_1", "user_id": "rishikaharithaMSIT", "score": {"sample": {"0": {"execution_time": 0.374176025390625, "passed": false}, "1": {"execution_time": 0.3542306423187256, "passed": false}, "2": {"execution_time": 0.7835705280303955, "passed": false}, "3": {"execution_time": 0.8968069553375244, "passed": false}, "4": {"execution_time": 0.8563237190246582, "passed": false}, "5": {"execution_time": 0.7975723743438721, "passed": false}, "6": {"execution_time": 0.784698486328125, "passed": false}, "7": {"execution_time": 0.8048648834228516, "passed": false}, "8": {"execution_time": 0.37342405319213867, "passed": false}, "9": {"execution_time": 0.8450193405151367, "passed": false}, "10": {"execution_time": 1.6033287048339844, "passed": false}, "11": {"execution_time": 0.25281381607055664, "passed": false}, "12": {"execution_time": 0.7638726234436035, "passed": false}, "13": {"execution_time": 0.302598237991333, "passed": false}, "14": {"execution_time": 0.8193492889404297, "passed": false}, "15": {"execution_time": 1.4838571548461914, "passed": false}, "16": {"execution_time": 0.3773021697998047, "passed": false}, "17": {"execution_time": 0.3546736240386963, "passed": false}, "18": {"execution_time": 0.362781286239624, "passed": false}, "19": {"execution_time": 0.34984302520751953, "passed": false}, "20": {"execution_time": 0.3613467216491699, "passed": false}, "21": {"execution_time": 0.39902663230895996, "passed": false}, "22": {"execution_time": 0.33823561668395996, "passed": false}, "23": {"execution_time": 0.35918498039245605, "passed": false}, "24": {"execution_time": 0.2657284736633301, "passed": true}, "25": {"execution_time": 1.1502330303192139, "passed": false}, "26": {"execution_time": 0.875715970993042, "passed": false}, "27": {"execution_time": 1.1826903820037842, "passed": false}, "28": {"execution_time": 2.2491085529327393, "passed": false}, "29": {"execution_time": 0.2784750461578369, "passed": false}}}, "check_style_score": "0/1"}