{"version": "1", "message": "ERROR: Hidden Testcases server unreachable.", "problem_id": "ads2_m16_a1_1", "user_id": "rishikaharithaMSIT", "score": {"sample": {"0": {"execution_time": 0.22295570373535156, "passed": false}, "1": {"execution_time": 0.2781071662902832, "passed": false}, "2": {"execution_time": 0.5668373107910156, "passed": false}, "3": {"execution_time": 0.6256952285766602, "passed": false}, "4": {"execution_time": 0.6231410503387451, "passed": false}, "5": {"execution_time": 0.6085536479949951, "passed": false}, "6": {"execution_time": 0.6528964042663574, "passed": false}, "7": {"execution_time": 0.5831935405731201, "passed": false}, "8": {"execution_time": 0.29741477966308594, "passed": false}, "9": {"execution_time": 0.5980403423309326, "passed": false}, "10": {"execution_time": 1.3265330791473389, "passed": false}, "11": {"execution_time": 0.20060443878173828, "passed": false}, "12": {"execution_time": 0.6081550121307373, "passed": false}, "13": {"execution_time": 0.26442503929138184, "passed": false}, "14": {"execution_time": 0.6377766132354736, "passed": false}, "15": {"execution_time": 1.2089104652404785, "passed": false}, "16": {"execution_time": 0.3012063503265381, "passed": false}, "17": {"execution_time": 0.26964807510375977, "passed": false}, "18": {"execution_time": 0.27065467834472656, "passed": false}, "19": {"execution_time": 0.3705155849456787, "passed": false}, "20": {"execution_time": 0.4080832004547119, "passed": false}, "21": {"execution_time": 0.3418607711791992, "passed": false}, "22": {"execution_time": 0.34664368629455566, "passed": false}, "23": {"execution_time": 0.36174893379211426, "passed": false}, "24": {"execution_time": 0.2191929817199707, "passed": false}, "25": {"execution_time": 0.9025454521179199, "passed": false}, "26": {"execution_time": 0.7523090839385986, "passed": false}, "27": {"execution_time": 0.9336633682250977, "passed": false}, "28": {"execution_time": 1.8607325553894043, "passed": false}, "29": {"execution_time": 0.19468927383422852, "passed": false}}}, "check_style_score": "0/1"}