{"version": "1", "message": "ERROR: Hidden Testcases server unreachable.", "problem_id": "ads2_m16_a1_1", "user_id": "rishikaharithaMSIT", "score": {"sample": {"0": {"execution_time": 0.3375399112701416, "passed": false}, "1": {"execution_time": 0.35146665573120117, "passed": false}, "2": {"execution_time": 0.768883228302002, "passed": false}, "3": {"execution_time": 0.8428723812103271, "passed": false}, "4": {"execution_time": 0.7824368476867676, "passed": false}, "5": {"execution_time": 0.8147768974304199, "passed": false}, "6": {"execution_time": 0.790539026260376, "passed": false}, "7": {"execution_time": 0.7834818363189697, "passed": false}, "8": {"execution_time": 0.35532450675964355, "passed": false}, "9": {"execution_time": 0.8132257461547852, "passed": false}, "10": {"execution_time": 1.5989017486572266, "passed": false}, "11": {"execution_time": 0.2944602966308594, "passed": false}, "12": {"execution_time": 0.8125565052032471, "passed": false}, "13": {"execution_time": 0.30247068405151367, "passed": false}, "14": {"execution_time": 0.8291685581207275, "passed": false}, "15": {"execution_time": 1.5003798007965088, "passed": false}, "16": {"execution_time": 0.3453032970428467, "passed": false}, "17": {"execution_time": 0.3953976631164551, "passed": false}, "18": {"execution_time": 0.4040207862854004, "passed": false}, "19": {"execution_time": 0.5119152069091797, "passed": false}, "20": {"execution_time": 0.590446949005127, "passed": false}, "21": {"execution_time": 0.35854434967041016, "passed": false}, "22": {"execution_time": 0.476879358291626, "passed": false}, "23": {"execution_time": 0.4906620979309082, "passed": false}, "24": {"execution_time": 0.29567384719848633, "passed": false}, "25": {"execution_time": 1.2070074081420898, "passed": false}, "26": {"execution_time": 1.0165011882781982, "passed": false}, "27": {"execution_time": 1.1874058246612549, "passed": false}, "28": {"execution_time": 2.3531250953674316, "passed": false}, "29": {"execution_time": 0.27694201469421387, "passed": false}}}, "check_style_score": "0/1"}