{"version": "1", "message": "ERROR: Hidden Testcases server unreachable.", "problem_id": "ads2_m16_a1_1", "user_id": "rishikaharithaMSIT", "score": {"sample": {"0": {"execution_time": 0.35030031204223633, "passed": false}, "1": {"execution_time": 0.3292067050933838, "passed": false}, "2": {"execution_time": 0.8136744499206543, "passed": false}, "3": {"execution_time": 0.825427770614624, "passed": false}, "4": {"execution_time": 0.933781623840332, "passed": false}, "5": {"execution_time": 0.8011758327484131, "passed": false}, "6": {"execution_time": 0.9016382694244385, "passed": false}, "7": {"execution_time": 0.8387594223022461, "passed": false}, "8": {"execution_time": 0.3674473762512207, "passed": false}, "9": {"execution_time": 0.862910270690918, "passed": false}, "10": {"execution_time": 1.8364160060882568, "passed": false}, "11": {"execution_time": 0.24744081497192383, "passed": false}, "12": {"execution_time": 0.7999663352966309, "passed": false}, "13": {"execution_time": 0.297015905380249, "passed": false}, "14": {"execution_time": 0.8414919376373291, "passed": false}, "15": {"execution_time": 1.5184509754180908, "passed": false}, "16": {"execution_time": 0.3606448173522949, "passed": false}, "17": {"execution_time": 0.36585569381713867, "passed": false}, "18": {"execution_time": 0.377638578414917, "passed": false}, "19": {"execution_time": 0.34178614616394043, "passed": false}, "20": {"execution_time": 0.3436603546142578, "passed": false}, "21": {"execution_time": 0.352125883102417, "passed": false}, "22": {"execution_time": 0.33286523818969727, "passed": false}, "23": {"execution_time": 0.34534502029418945, "passed": false}, "24": {"execution_time": 0.2708449363708496, "passed": true}, "25": {"execution_time": 1.295738935470581, "passed": false}, "26": {"execution_time": 1.0433409214019775, "passed": false}, "27": {"execution_time": 1.3502552509307861, "passed": false}, "28": {"execution_time": 2.7449278831481934, "passed": false}, "29": {"execution_time": 0.30078864097595215, "passed": false}}}, "check_style_score": "0/1"}