{"version": "1", "message": "ERROR: Hidden Testcases server unreachable.", "problem_id": "ads2_m16_a1_1", "user_id": "rishikaharithaMSIT", "score": {"sample": {"0": {"execution_time": 0.31397128105163574, "passed": false}, "1": {"execution_time": 0.35129594802856445, "passed": false}, "2": {"execution_time": 0.7684495449066162, "passed": false}, "3": {"execution_time": 0.8467061519622803, "passed": false}, "4": {"execution_time": 0.816138744354248, "passed": false}, "5": {"execution_time": 0.8152639865875244, "passed": false}, "6": {"execution_time": 0.8788387775421143, "passed": false}, "7": {"execution_time": 0.7800076007843018, "passed": false}, "8": {"execution_time": 0.3689117431640625, "passed": false}, "9": {"execution_time": 0.8100011348724365, "passed": false}, "10": {"execution_time": 1.6426827907562256, "passed": false}, "11": {"execution_time": 0.25125789642333984, "passed": false}, "12": {"execution_time": 0.8132097721099854, "passed": false}, "13": {"execution_time": 0.2719295024871826, "passed": false}, "14": {"execution_time": 0.775479793548584, "passed": false}, "15": {"execution_time": 1.4809305667877197, "passed": false}, "16": {"execution_time": 0.35696911811828613, "passed": false}, "17": {"execution_time": 0.37715816497802734, "passed": false}, "18": {"execution_time": 0.38640260696411133, "passed": false}, "19": {"execution_time": 0.35353612899780273, "passed": false}, "20": {"execution_time": 0.361985445022583, "passed": false}, "21": {"execution_time": 0.37981486320495605, "passed": false}, "22": {"execution_time": 0.38083696365356445, "passed": false}, "23": {"execution_time": 0.37795042991638184, "passed": false}, "24": {"execution_time": 0.28046226501464844, "passed": false}, "25": {"execution_time": 1.2243752479553223, "passed": false}, "26": {"execution_time": 1.0068821907043457, "passed": false}, "27": {"execution_time": 1.2469475269317627, "passed": false}, "28": {"execution_time": 2.3679637908935547, "passed": false}, "29": {"execution_time": 0.3389003276824951, "passed": false}}}, "check_style_score": "0/1"}