{"version": "1", "message": "ERROR: Hidden Testcases server unreachable.", "problem_id": "ads2_m16_a1_1", "user_id": "rishikaharithaMSIT", "score": {"sample": {"0": {"execution_time": 0.3077819347381592, "passed": false}, "1": {"execution_time": 0.26796984672546387, "passed": false}, "2": {"execution_time": 0.7910463809967041, "passed": false}, "3": {"execution_time": 0.8000428676605225, "passed": false}, "4": {"execution_time": 0.6671390533447266, "passed": false}, "5": {"execution_time": 0.613478422164917, "passed": false}, "6": {"execution_time": 0.5642025470733643, "passed": false}, "7": {"execution_time": 0.6779320240020752, "passed": false}, "8": {"execution_time": 0.3629739284515381, "passed": false}, "9": {"execution_time": 0.5757594108581543, "passed": false}, "10": {"execution_time": 0.5718479156494141, "passed": false}, "11": {"execution_time": 0.244734525680542, "passed": false}, "12": {"execution_time": 0.5779454708099365, "passed": false}, "13": {"execution_time": 0.2845306396484375, "passed": false}, "14": {"execution_time": 0.6375579833984375, "passed": false}, "15": {"execution_time": 0.6399011611938477, "passed": false}, "16": {"execution_time": 0.37711572647094727, "passed": false}, "17": {"execution_time": 0.40079736709594727, "passed": false}, "18": {"execution_time": 0.3751487731933594, "passed": false}, "19": {"execution_time": 0.3318448066711426, "passed": false}, "20": {"execution_time": 0.3869967460632324, "passed": false}, "21": {"execution_time": 0.345928430557251, "passed": false}, "22": {"execution_time": 0.3726470470428467, "passed": false}, "23": {"execution_time": 0.35723352432250977, "passed": false}, "24": {"execution_time": 0.2616853713989258, "passed": false}, "25": {"execution_time": 0.600562572479248, "passed": false}, "26": {"execution_time": 0.48413825035095215, "passed": false}, "27": {"execution_time": 0.5719897747039795, "passed": false}, "28": {"execution_time": 0.80672287940979, "passed": false}, "29": {"execution_time": 0.31837010383605957, "passed": false}}}, "check_style_score": "0/1"}