{"version": "1", "message": "ERROR: Hidden Testcases server unreachable.", "problem_id": "ads2_m16_a1_1", "user_id": "rishikaharithaMSIT", "score": {"sample": {"0": {"execution_time": 0.24242115020751953, "passed": false}, "1": {"execution_time": 0.19549059867858887, "passed": false}, "2": {"execution_time": 0.34248900413513184, "passed": false}, "3": {"execution_time": 0.31752705574035645, "passed": false}, "4": {"execution_time": 0.3418090343475342, "passed": false}, "5": {"execution_time": 0.3113558292388916, "passed": false}, "6": {"execution_time": 0.3410634994506836, "passed": false}, "7": {"execution_time": 0.34795618057250977, "passed": false}, "8": {"execution_time": 0.20692682266235352, "passed": false}, "9": {"execution_time": 0.30704402923583984, "passed": false}, "10": {"execution_time": 0.3153080940246582, "passed": false}, "11": {"execution_time": 0.1885700225830078, "passed": false}, "12": {"execution_time": 0.3365514278411865, "passed": false}, "13": {"execution_time": 0.18927264213562012, "passed": true}, "14": {"execution_time": 0.3180198669433594, "passed": false}, "15": {"execution_time": 0.3189883232116699, "passed": false}, "16": {"execution_time": 0.2504281997680664, "passed": false}, "17": {"execution_time": 0.23779582977294922, "passed": false}, "18": {"execution_time": 0.22269392013549805, "passed": false}, "19": {"execution_time": 0.22763419151306152, "passed": false}, "20": {"execution_time": 0.22335410118103027, "passed": false}, "21": {"execution_time": 0.23833489418029785, "passed": false}, "22": {"execution_time": 0.22497892379760742, "passed": false}, "23": {"execution_time": 0.20356106758117676, "passed": false}, "24": {"execution_time": 0.21634936332702637, "passed": true}, "25": {"execution_time": 0.3123970031738281, "passed": false}, "26": {"execution_time": 0.2894930839538574, "passed": false}, "27": {"execution_time": 0.32021427154541016, "passed": false}, "28": {"execution_time": 0.39919328689575195, "passed": false}, "29": {"execution_time": 0.24799704551696777, "passed": false}}}, "check_style_score": "0/1"}