{"version": "1", "message": "ERROR: Hidden Testcases server unreachable.", "problem_id": "ads2_m16_a1_1", "user_id": "rishikaharithaMSIT", "score": {"sample": {"0": {"execution_time": 0.33838915824890137, "passed": false}, "1": {"execution_time": 0.32419657707214355, "passed": false}, "2": {"execution_time": 0.7287535667419434, "passed": false}, "3": {"execution_time": 0.7141785621643066, "passed": false}, "4": {"execution_time": 0.7172365188598633, "passed": false}, "5": {"execution_time": 0.7393770217895508, "passed": false}, "6": {"execution_time": 0.722797155380249, "passed": false}, "7": {"execution_time": 0.6891419887542725, "passed": false}, "8": {"execution_time": 0.36403536796569824, "passed": false}, "9": {"execution_time": 0.733189582824707, "passed": false}, "10": {"execution_time": 1.205704689025879, "passed": false}, "11": {"execution_time": 0.27436280250549316, "passed": false}, "12": {"execution_time": 0.7393553256988525, "passed": false}, "13": {"execution_time": 0.3140444755554199, "passed": false}, "14": {"execution_time": 0.7383928298950195, "passed": false}, "15": {"execution_time": 1.1481842994689941, "passed": false}, "16": {"execution_time": 0.353656530380249, "passed": false}, "17": {"execution_time": 0.4382941722869873, "passed": false}, "18": {"execution_time": 0.36090564727783203, "passed": false}, "19": {"execution_time": 0.33616018295288086, "passed": false}, "20": {"execution_time": 0.350435733795166, "passed": false}, "21": {"execution_time": 0.35631632804870605, "passed": false}, "22": {"execution_time": 0.3249778747558594, "passed": false}, "23": {"execution_time": 0.3527853488922119, "passed": false}, "24": {"execution_time": 0.2632160186767578, "passed": false}, "25": {"execution_time": 1.1139230728149414, "passed": false}, "26": {"execution_time": 0.7952327728271484, "passed": false}, "27": {"execution_time": 1.0219378471374512, "passed": false}, "28": {"execution_time": 1.9047813415527344, "passed": false}, "29": {"execution_time": 0.28025364875793457, "passed": false}}}, "check_style_score": "0/1"}