{"version": "1", "message": "ERROR: Hidden Testcases server unreachable.", "problem_id": "ads2_m16_a1_1", "user_id": "rishikaharithaMSIT", "score": {"sample": {"0": {"execution_time": 0.19340896606445312, "passed": false}, "1": {"execution_time": 0.21396851539611816, "passed": false}, "2": {"execution_time": 0.3102278709411621, "passed": false}, "3": {"execution_time": 0.33141064643859863, "passed": false}, "4": {"execution_time": 0.3412649631500244, "passed": false}, "5": {"execution_time": 0.34058570861816406, "passed": false}, "6": {"execution_time": 0.3248424530029297, "passed": false}, "7": {"execution_time": 0.30082249641418457, "passed": false}, "8": {"execution_time": 0.23431015014648438, "passed": false}, "9": {"execution_time": 0.30484652519226074, "passed": false}, "10": {"execution_time": 0.3407466411590576, "passed": false}, "11": {"execution_time": 0.19893646240234375, "passed": false}, "12": {"execution_time": 0.33696770668029785, "passed": false}, "13": {"execution_time": 0.18786978721618652, "passed": true}, "14": {"execution_time": 0.32776546478271484, "passed": false}, "15": {"execution_time": 0.3232080936431885, "passed": false}, "16": {"execution_time": 0.20903635025024414, "passed": false}, "17": {"execution_time": 0.24696016311645508, "passed": false}, "18": {"execution_time": 0.2544403076171875, "passed": false}, "19": {"execution_time": 0.22533702850341797, "passed": false}, "20": {"execution_time": 0.24324750900268555, "passed": false}, "21": {"execution_time": 0.2430737018585205, "passed": false}, "22": {"execution_time": 0.2401742935180664, "passed": false}, "23": {"execution_time": 0.2096564769744873, "passed": false}, "24": {"execution_time": 0.20868277549743652, "passed": true}, "25": {"execution_time": 0.3176107406616211, "passed": false}, "26": {"execution_time": 0.2902193069458008, "passed": false}, "27": {"execution_time": 0.29718518257141113, "passed": false}, "28": {"execution_time": 0.4271888732910156, "passed": false}, "29": {"execution_time": 0.20776128768920898, "passed": false}}}, "check_style_score": "0/1"}