{"version": "1", "message": "ERROR: Hidden Testcases server unreachable.", "problem_id": "ads2_m16_a1_1", "user_id": "rishikaharithaMSIT", "score": {"sample": {"0": {"execution_time": 0.32086658477783203, "passed": false}, "1": {"execution_time": 0.3404357433319092, "passed": false}, "2": {"execution_time": 2.056349754333496, "passed": false}, "3": {"execution_time": 2.423992872238159, "passed": false}, "4": {"execution_time": 2.1065051555633545, "passed": false}, "5": {"execution_time": 0.7655768394470215, "passed": false}, "6": {"execution_time": 0.625241756439209, "passed": false}, "7": {"execution_time": 1.420825481414795, "passed": false}, "8": {"execution_time": 0.3592557907104492, "passed": false}, "9": {"execution_time": 4.4892578125, "passed": false}, "10": {"execution_time": 1.0027058124542236, "passed": false}, "11": {"execution_time": 0.24474573135375977, "passed": false}, "12": {"execution_time": 0.6840043067932129, "passed": false}, "13": {"execution_time": 0.2820923328399658, "passed": false}, "14": {"execution_time": 4.499131441116333, "passed": false}, "15": {"execution_time": 0.7947373390197754, "passed": false}, "16": {"execution_time": 0.3673117160797119, "passed": false}, "17": {"execution_time": 0.3774890899658203, "passed": false}, "18": {"execution_time": 0.43991875648498535, "passed": false}, "19": {"execution_time": 0.37560558319091797, "passed": false}, "20": {"execution_time": 0.3805058002471924, "passed": false}, "21": {"execution_time": 0.33403754234313965, "passed": false}, "22": {"execution_time": 0.3509867191314697, "passed": false}, "23": {"execution_time": 0.38356542587280273, "passed": false}, "24": {"execution_time": 0.2570912837982178, "passed": false}, "25": {"execution_time": 0.659121036529541, "passed": false}, "26": {"execution_time": 0.5237014293670654, "passed": false}, "27": {"execution_time": 0.768305778503418, "passed": false}, "28": {"execution_time": 1.2128398418426514, "passed": false}, "29": {"execution_time": 0.3021829128265381, "passed": false}}}, "check_style_score": "0/1"}