{"version": "1", "message": "ERROR: Hidden Testcases server unreachable.", "problem_id": "ads2_m16_a1_1", "user_id": "rishikaharithaMSIT", "score": {"sample": {"0": {"execution_time": 0.26484084129333496, "passed": false}, "1": {"execution_time": 0.36138224601745605, "passed": false}, "2": {"execution_time": 0.47478604316711426, "passed": false}, "3": {"execution_time": 0.4424099922180176, "passed": false}, "4": {"execution_time": 0.30338191986083984, "passed": false}, "5": {"execution_time": 0.3256194591522217, "passed": false}, "6": {"execution_time": 0.3139076232910156, "passed": false}, "7": {"execution_time": 0.3205254077911377, "passed": false}, "8": {"execution_time": 0.41661810874938965, "passed": false}, "9": {"execution_time": 0.31995224952697754, "passed": false}, "10": {"execution_time": 0.336789608001709, "passed": false}, "11": {"execution_time": 0.28684020042419434, "passed": false}, "12": {"execution_time": 0.3235604763031006, "passed": false}, "13": {"execution_time": 0.3357408046722412, "passed": true}, "14": {"execution_time": 0.3363454341888428, "passed": false}, "15": {"execution_time": 0.3259737491607666, "passed": false}, "16": {"execution_time": 0.35932135581970215, "passed": false}, "17": {"execution_time": 0.43657541275024414, "passed": false}, "18": {"execution_time": 0.21492648124694824, "passed": false}, "19": {"execution_time": 0.22853446006774902, "passed": false}, "20": {"execution_time": 0.237504243850708, "passed": false}, "21": {"execution_time": 0.2233109474182129, "passed": false}, "22": {"execution_time": 0.21584820747375488, "passed": false}, "23": {"execution_time": 0.2425835132598877, "passed": false}, "24": {"execution_time": 0.17716026306152344, "passed": true}, "25": {"execution_time": 0.31974220275878906, "passed": false}, "26": {"execution_time": 0.3618035316467285, "passed": false}, "27": {"execution_time": 0.3645195960998535, "passed": false}, "28": {"execution_time": 0.609938383102417, "passed": false}, "29": {"execution_time": 0.4992506504058838, "passed": false}}}, "check_style_score": "0/1"}