{"version": "1", "message": "ERROR: Hidden Testcases server unreachable.", "problem_id": "ads2_m16_a1_1", "user_id": "rishikaharithaMSIT", "score": {"sample": {"0": {"execution_time": 0.32587623596191406, "passed": false}, "1": {"execution_time": 0.3516204357147217, "passed": false}, "2": {"execution_time": 0.7902460098266602, "passed": false}, "3": {"execution_time": 0.8216671943664551, "passed": false}, "4": {"execution_time": 0.8288741111755371, "passed": false}, "5": {"execution_time": 0.8734514713287354, "passed": false}, "6": {"execution_time": 0.8182318210601807, "passed": false}, "7": {"execution_time": 0.7943832874298096, "passed": false}, "8": {"execution_time": 0.37806224822998047, "passed": false}, "9": {"execution_time": 0.9499003887176514, "passed": false}, "10": {"execution_time": 1.7215778827667236, "passed": false}, "11": {"execution_time": 0.2822697162628174, "passed": false}, "12": {"execution_time": 0.7616517543792725, "passed": false}, "13": {"execution_time": 0.31763601303100586, "passed": false}, "14": {"execution_time": 0.8178062438964844, "passed": false}, "15": {"execution_time": 1.4746332168579102, "passed": false}, "16": {"execution_time": 0.4128890037536621, "passed": false}, "17": {"execution_time": 0.39539432525634766, "passed": false}, "18": {"execution_time": 0.40459132194519043, "passed": false}, "19": {"execution_time": 0.479966402053833, "passed": false}, "20": {"execution_time": 0.5626399517059326, "passed": false}, "21": {"execution_time": 0.37689852714538574, "passed": false}, "22": {"execution_time": 0.48439788818359375, "passed": false}, "23": {"execution_time": 0.5029296875, "passed": false}, "24": {"execution_time": 0.3143017292022705, "passed": false}, "25": {"execution_time": 1.2693543434143066, "passed": false}, "26": {"execution_time": 1.0454285144805908, "passed": false}, "27": {"execution_time": 1.2406866550445557, "passed": false}, "28": {"execution_time": 2.3612093925476074, "passed": false}, "29": {"execution_time": 0.30203986167907715, "passed": false}}}, "check_style_score": "0/1"}