{"version": "1", "message": "ERROR: Hidden Testcases server unreachable.", "problem_id": "ads2_m16_a1_1", "user_id": "rishikaharithaMSIT", "score": {"sample": {"0": {"execution_time": 0.3672926425933838, "passed": false}, "1": {"execution_time": 0.33124685287475586, "passed": false}, "2": {"execution_time": 0.8129153251647949, "passed": false}, "3": {"execution_time": 1.0423588752746582, "passed": true}, "4": {"execution_time": 0.8117971420288086, "passed": true}, "5": {"execution_time": 0.9061124324798584, "passed": false}, "6": {"execution_time": 0.872521162033081, "passed": false}, "7": {"execution_time": 0.8609457015991211, "passed": true}, "8": {"execution_time": 0.38693737983703613, "passed": false}, "9": {"execution_time": 0.919766902923584, "passed": false}, "10": {"execution_time": 1.64052152633667, "passed": false}, "11": {"execution_time": 0.31926584243774414, "passed": false}, "12": {"execution_time": 0.7909002304077148, "passed": false}, "13": {"execution_time": 0.35277318954467773, "passed": true}, "14": {"execution_time": 0.8169808387756348, "passed": false}, "15": {"execution_time": 1.5739293098449707, "passed": false}, "16": {"execution_time": 0.388425350189209, "passed": true}, "17": {"execution_time": 0.4122493267059326, "passed": false}, "18": {"execution_time": 0.43685197830200195, "passed": true}, "19": {"execution_time": 0.5374643802642822, "passed": false}, "20": {"execution_time": 0.5449051856994629, "passed": false}, "21": {"execution_time": 0.40290117263793945, "passed": true}, "22": {"execution_time": 0.4973893165588379, "passed": false}, "23": {"execution_time": 0.5088341236114502, "passed": false}, "24": {"execution_time": 0.27452611923217773, "passed": true}, "25": {"execution_time": 1.1542086601257324, "passed": false}, "26": {"execution_time": 0.928631067276001, "passed": false}, "27": {"execution_time": 1.1698427200317383, "passed": false}, "28": {"execution_time": 2.2753171920776367, "passed": false}, "29": {"execution_time": 0.29970693588256836, "passed": false}}}, "check_style_score": "0/1"}