{"version": "1", "message": "ERROR: Hidden Testcases server unreachable.", "problem_id": "ads2_m16_a1_1", "user_id": "rishikaharithaMSIT", "score": {"sample": {"0": {"execution_time": 0.30181312561035156, "passed": false}, "1": {"execution_time": 0.293438196182251, "passed": false}, "2": {"execution_time": 0.5808467864990234, "passed": false}, "3": {"execution_time": 0.5671532154083252, "passed": false}, "4": {"execution_time": 0.6644682884216309, "passed": false}, "5": {"execution_time": 0.5827174186706543, "passed": false}, "6": {"execution_time": 0.5502629280090332, "passed": false}, "7": {"execution_time": 0.6060295104980469, "passed": false}, "8": {"execution_time": 0.3585989475250244, "passed": false}, "9": {"execution_time": 0.5553395748138428, "passed": false}, "10": {"execution_time": 0.5809502601623535, "passed": false}, "11": {"execution_time": 0.2928130626678467, "passed": false}, "12": {"execution_time": 0.5907390117645264, "passed": false}, "13": {"execution_time": 0.28552722930908203, "passed": false}, "14": {"execution_time": 0.5902194976806641, "passed": false}, "15": {"execution_time": 0.5943825244903564, "passed": false}, "16": {"execution_time": 0.3629939556121826, "passed": false}, "17": {"execution_time": 0.3440513610839844, "passed": false}, "18": {"execution_time": 0.340545654296875, "passed": false}, "19": {"execution_time": 0.36451053619384766, "passed": false}, "20": {"execution_time": 0.3497889041900635, "passed": false}, "21": {"execution_time": 0.3546578884124756, "passed": false}, "22": {"execution_time": 0.3325355052947998, "passed": false}, "23": {"execution_time": 0.3455073833465576, "passed": false}, "24": {"execution_time": 0.2692534923553467, "passed": false}, "25": {"execution_time": 0.5813336372375488, "passed": false}, "26": {"execution_time": 0.47692346572875977, "passed": false}, "27": {"execution_time": 0.6384797096252441, "passed": false}, "28": {"execution_time": 0.7985546588897705, "passed": false}, "29": {"execution_time": 0.2859175205230713, "passed": false}}}, "check_style_score": "0/1"}