{"version": "1", "message": "ERROR: Hidden Testcases server unreachable.", "problem_id": "ads2_m16_a1_1", "user_id": "rishikaharithaMSIT", "score": {"sample": {"0": {"execution_time": 0.30799102783203125, "passed": false}, "1": {"execution_time": 0.3008391857147217, "passed": false}, "2": {"execution_time": 0.7677452564239502, "passed": false}, "3": {"execution_time": 0.7500438690185547, "passed": false}, "4": {"execution_time": 0.7212088108062744, "passed": false}, "5": {"execution_time": 0.6693212985992432, "passed": false}, "6": {"execution_time": 0.6355602741241455, "passed": false}, "7": {"execution_time": 0.6825764179229736, "passed": false}, "8": {"execution_time": 0.4907820224761963, "passed": false}, "9": {"execution_time": 0.898388147354126, "passed": false}, "10": {"execution_time": 0.7844734191894531, "passed": false}, "11": {"execution_time": 0.3030548095703125, "passed": false}, "12": {"execution_time": 0.7419147491455078, "passed": false}, "13": {"execution_time": 0.34279561042785645, "passed": false}, "14": {"execution_time": 0.9533696174621582, "passed": false}, "15": {"execution_time": 0.8061800003051758, "passed": false}, "16": {"execution_time": 0.4328758716583252, "passed": false}, "17": {"execution_time": 0.4260437488555908, "passed": false}, "18": {"execution_time": 0.34143662452697754, "passed": false}, "19": {"execution_time": 0.4117131233215332, "passed": false}, "20": {"execution_time": 0.3633441925048828, "passed": false}, "21": {"execution_time": 0.3329737186431885, "passed": false}, "22": {"execution_time": 0.36031103134155273, "passed": false}, "23": {"execution_time": 0.33365941047668457, "passed": false}, "24": {"execution_time": 0.24766182899475098, "passed": false}, "25": {"execution_time": 0.6456146240234375, "passed": false}, "26": {"execution_time": 0.5017354488372803, "passed": false}, "27": {"execution_time": 0.6990373134613037, "passed": false}, "28": {"execution_time": 1.3183703422546387, "passed": false}, "29": {"execution_time": 0.32575345039367676, "passed": false}}}, "check_style_score": "0/1"}