{"version": "1", "message": "ERROR: Hidden Testcases server unreachable.", "problem_id": "ads2_m16_a1_1", "user_id": "rishikaharithaMSIT", "score": {"sample": {"0": {"execution_time": 0.6002945899963379, "passed": false}, "1": {"execution_time": 0.4129674434661865, "passed": false}, "2": {"execution_time": 0.9630336761474609, "passed": false}, "3": {"execution_time": 0.6429531574249268, "passed": false}, "4": {"execution_time": 0.6802191734313965, "passed": false}, "5": {"execution_time": 0.7300922870635986, "passed": false}, "6": {"execution_time": 0.7802584171295166, "passed": false}, "7": {"execution_time": 0.685457706451416, "passed": false}, "8": {"execution_time": 0.5597660541534424, "passed": false}, "9": {"execution_time": 0.6997983455657959, "passed": false}, "10": {"execution_time": 0.6654720306396484, "passed": false}, "11": {"execution_time": 0.3736598491668701, "passed": false}, "12": {"execution_time": 0.7059881687164307, "passed": false}, "13": {"execution_time": 0.3735785484313965, "passed": false}, "14": {"execution_time": 0.6976039409637451, "passed": false}, "15": {"execution_time": 0.7197232246398926, "passed": false}, "16": {"execution_time": 0.5935776233673096, "passed": false}, "17": {"execution_time": 0.4600098133087158, "passed": false}, "18": {"execution_time": 0.44187211990356445, "passed": false}, "19": {"execution_time": 0.4462907314300537, "passed": false}, "20": {"execution_time": 0.44426655769348145, "passed": false}, "21": {"execution_time": 0.43114709854125977, "passed": false}, "22": {"execution_time": 0.43988943099975586, "passed": false}, "23": {"execution_time": 0.4367532730102539, "passed": false}, "24": {"execution_time": 0.3705623149871826, "passed": false}, "25": {"execution_time": 0.6925830841064453, "passed": false}, "26": {"execution_time": 0.7297451496124268, "passed": false}, "27": {"execution_time": 0.8027157783508301, "passed": false}, "28": {"execution_time": 1.1304652690887451, "passed": false}, "29": {"execution_time": 0.5465939044952393, "passed": false}}}, "check_style_score": "0/1"}