{"version": "1", "message": "ERROR: Hidden Testcases server unreachable.", "problem_id": "ads2_m16_a1_1", "user_id": "rishikaharithaMSIT", "score": {"sample": {"0": {"execution_time": 0.3435478210449219, "passed": false}, "1": {"execution_time": 0.3242332935333252, "passed": false}, "2": {"execution_time": 0.7192590236663818, "passed": false}, "3": {"execution_time": 0.7348031997680664, "passed": false}, "4": {"execution_time": 0.7279560565948486, "passed": false}, "5": {"execution_time": 0.6855599880218506, "passed": false}, "6": {"execution_time": 0.7317562103271484, "passed": false}, "7": {"execution_time": 0.6949174404144287, "passed": false}, "8": {"execution_time": 0.3451504707336426, "passed": false}, "9": {"execution_time": 0.7466447353363037, "passed": false}, "10": {"execution_time": 1.1707484722137451, "passed": false}, "11": {"execution_time": 0.25814390182495117, "passed": false}, "12": {"execution_time": 0.8038303852081299, "passed": false}, "13": {"execution_time": 0.29241251945495605, "passed": false}, "14": {"execution_time": 0.719153881072998, "passed": false}, "15": {"execution_time": 1.1335129737854004, "passed": false}, "16": {"execution_time": 0.33843207359313965, "passed": false}, "17": {"execution_time": 0.3745276927947998, "passed": false}, "18": {"execution_time": 0.3512461185455322, "passed": false}, "19": {"execution_time": 0.3593332767486572, "passed": false}, "20": {"execution_time": 0.33198976516723633, "passed": false}, "21": {"execution_time": 0.3552663326263428, "passed": false}, "22": {"execution_time": 0.35878920555114746, "passed": false}, "23": {"execution_time": 0.38251209259033203, "passed": false}, "24": {"execution_time": 0.26145243644714355, "passed": false}, "25": {"execution_time": 0.9434914588928223, "passed": false}, "26": {"execution_time": 0.7286820411682129, "passed": false}, "27": {"execution_time": 0.9350166320800781, "passed": false}, "28": {"execution_time": 1.7433063983917236, "passed": false}, "29": {"execution_time": 0.28197169303894043, "passed": false}}}, "check_style_score": "0/1"}