{"version": "1", "message": "ERROR: Hidden Testcases server unreachable.", "problem_id": "ads2_m16_a1_1", "user_id": "rishikaharithaMSIT", "score": {"sample": {"0": {"execution_time": 0.2553081512451172, "passed": false}, "1": {"execution_time": 0.24783992767333984, "passed": false}, "2": {"execution_time": 0.6181540489196777, "passed": false}, "3": {"execution_time": 0.6285946369171143, "passed": false}, "4": {"execution_time": 0.6547362804412842, "passed": false}, "5": {"execution_time": 0.6204853057861328, "passed": false}, "6": {"execution_time": 0.6666007041931152, "passed": false}, "7": {"execution_time": 0.6191513538360596, "passed": false}, "8": {"execution_time": 0.2767312526702881, "passed": false}, "9": {"execution_time": 0.6603550910949707, "passed": false}, "10": {"execution_time": 1.3052306175231934, "passed": false}, "11": {"execution_time": 0.20527100563049316, "passed": false}, "12": {"execution_time": 0.6238863468170166, "passed": false}, "13": {"execution_time": 0.2497410774230957, "passed": false}, "14": {"execution_time": 0.626777172088623, "passed": false}, "15": {"execution_time": 1.285513162612915, "passed": false}, "16": {"execution_time": 0.27222180366516113, "passed": false}, "17": {"execution_time": 0.31301355361938477, "passed": false}, "18": {"execution_time": 0.28691792488098145, "passed": false}, "19": {"execution_time": 0.3314633369445801, "passed": false}, "20": {"execution_time": 0.4132721424102783, "passed": false}, "21": {"execution_time": 0.2740519046783447, "passed": false}, "22": {"execution_time": 0.3727424144744873, "passed": false}, "23": {"execution_time": 0.37067580223083496, "passed": false}, "24": {"execution_time": 0.21370673179626465, "passed": false}, "25": {"execution_time": 0.9701633453369141, "passed": false}, "26": {"execution_time": 0.7411024570465088, "passed": false}, "27": {"execution_time": 0.9732818603515625, "passed": false}, "28": {"execution_time": 1.8791513442993164, "passed": false}, "29": {"execution_time": 0.2528188228607178, "passed": false}}}, "check_style_score": "0/1"}