{"version": "1", "message": "ERROR: Hidden Testcases server unreachable.", "problem_id": "ads2_m16_a1_1", "user_id": "pranay0124@msitprogram.net", "score": {"sample": {"0": {"execution_time": 0.5999331474304199, "passed": true}, "1": {"execution_time": 0.6217269897460938, "passed": true}, "2": {"execution_time": 1.0563547611236572, "passed": true}, "3": {"execution_time": 1.1378564834594727, "passed": true}, "4": {"execution_time": 1.0895278453826904, "passed": true}, "5": {"execution_time": 1.168166160583496, "passed": true}, "6": {"execution_time": 1.2988190650939941, "passed": true}, "7": {"execution_time": 1.121701717376709, "passed": true}, "8": {"execution_time": 0.7071137428283691, "passed": true}, "9": {"execution_time": 1.0986435413360596, "passed": true}, "10": {"execution_time": 1.2099885940551758, "passed": true}, "11": {"execution_time": 6.146131992340088, "passed": true}, "12": {"execution_time": 1.2071678638458252, "passed": true}, "13": {"execution_time": 0.5522317886352539, "passed": true}, "14": {"execution_time": 1.135756015777588, "passed": true}, "15": {"execution_time": 1.133023738861084, "passed": true}, "16": {"execution_time": 0.8629252910614014, "passed": true}, "17": {"execution_time": 0.663670539855957, "passed": true}, "18": {"execution_time": 0.7188239097595215, "passed": true}, "19": {"execution_time": 0.685131311416626, "passed": true}, "20": {"execution_time": 0.7334129810333252, "passed": true}, "21": {"execution_time": 0.676926851272583, "passed": true}, "22": {"execution_time": 0.6751904487609863, "passed": true}, "23": {"execution_time": 0.6750240325927734, "passed": true}, "24": {"execution_time": 0.5249838829040527, "passed": true}, "25": {"execution_time": 1.3501639366149902, "passed": true}, "26": {"execution_time": 1.1551649570465088, "passed": true}, "27": {"execution_time": 1.4163997173309326, "passed": true}, "28": {"execution_time": 2.200662851333618, "passed": true}, "29": {"execution_time": 0.5236811637878418, "passed": true}}}, "check_style_score": "1/1"}