{"version": "1", "message": "ERROR: Hidden Testcases server unreachable.", "problem_id": "ads2_m16_a1_1", "user_id": "rishikaharithaMSIT", "score": {"sample": {"0": {"execution_time": 0.3142874240875244, "passed": false}, "1": {"execution_time": 0.2921264171600342, "passed": false}, "2": {"execution_time": 0.6719841957092285, "passed": false}, "3": {"execution_time": 0.587752103805542, "passed": false}, "4": {"execution_time": 0.6126840114593506, "passed": false}, "5": {"execution_time": 0.6157045364379883, "passed": false}, "6": {"execution_time": 0.5869793891906738, "passed": false}, "7": {"execution_time": 0.5711495876312256, "passed": false}, "8": {"execution_time": 0.3737611770629883, "passed": false}, "9": {"execution_time": 0.7095990180969238, "passed": false}, "10": {"execution_time": 0.5894277095794678, "passed": false}, "11": {"execution_time": 0.2520105838775635, "passed": false}, "12": {"execution_time": 0.6113519668579102, "passed": false}, "13": {"execution_time": 0.29070019721984863, "passed": false}, "14": {"execution_time": 0.607689619064331, "passed": false}, "15": {"execution_time": 0.5697922706604004, "passed": false}, "16": {"execution_time": 0.33910608291625977, "passed": false}, "17": {"execution_time": 0.35659241676330566, "passed": false}, "18": {"execution_time": 0.3475470542907715, "passed": false}, "19": {"execution_time": 0.3581275939941406, "passed": false}, "20": {"execution_time": 0.36673903465270996, "passed": false}, "21": {"execution_time": 0.3651084899902344, "passed": false}, "22": {"execution_time": 0.34285640716552734, "passed": false}, "23": {"execution_time": 0.3820037841796875, "passed": false}, "24": {"execution_time": 0.25381016731262207, "passed": false}, "25": {"execution_time": 0.6063594818115234, "passed": false}, "26": {"execution_time": 0.481001615524292, "passed": false}, "27": {"execution_time": 0.5907261371612549, "passed": false}, "28": {"execution_time": 0.7983686923980713, "passed": false}, "29": {"execution_time": 0.2709784507751465, "passed": false}}}, "check_style_score": "0/1"}