{"version": "1", "message": "ERROR: Hidden Testcases server unreachable.", "problem_id": "ads2_m16_a1_1", "user_id": "rishikaharithaMSIT", "score": {"sample": {"0": {"execution_time": 0.25725221633911133, "passed": false}, "1": {"execution_time": 0.33050012588500977, "passed": false}, "2": {"execution_time": 0.5860660076141357, "passed": false}, "3": {"execution_time": 0.6549420356750488, "passed": false}, "4": {"execution_time": 0.6116142272949219, "passed": false}, "5": {"execution_time": 0.6306653022766113, "passed": false}, "6": {"execution_time": 0.6622226238250732, "passed": false}, "7": {"execution_time": 0.5850999355316162, "passed": false}, "8": {"execution_time": 0.31415319442749023, "passed": false}, "9": {"execution_time": 0.6386144161224365, "passed": false}, "10": {"execution_time": 1.3197124004364014, "passed": false}, "11": {"execution_time": 0.23489856719970703, "passed": false}, "12": {"execution_time": 0.6052398681640625, "passed": false}, "13": {"execution_time": 0.24079346656799316, "passed": false}, "14": {"execution_time": 0.6921100616455078, "passed": false}, "15": {"execution_time": 1.198444128036499, "passed": false}, "16": {"execution_time": 0.26910901069641113, "passed": false}, "17": {"execution_time": 0.3299064636230469, "passed": false}, "18": {"execution_time": 0.26871228218078613, "passed": false}, "19": {"execution_time": 0.3784453868865967, "passed": false}, "20": {"execution_time": 0.43855857849121094, "passed": false}, "21": {"execution_time": 0.268174409866333, "passed": false}, "22": {"execution_time": 0.4008033275604248, "passed": false}, "23": {"execution_time": 0.3816654682159424, "passed": false}, "24": {"execution_time": 0.22106599807739258, "passed": false}, "25": {"execution_time": 1.0017075538635254, "passed": false}, "26": {"execution_time": 0.7340874671936035, "passed": false}, "27": {"execution_time": 1.0459051132202148, "passed": false}, "28": {"execution_time": 1.8605072498321533, "passed": false}, "29": {"execution_time": 0.22273612022399902, "passed": false}}}, "check_style_score": "0/1"}