{"version": "1", "message": "ERROR: Hidden Testcases server unreachable.", "problem_id": "ads2_m16_a1_1", "user_id": "rishikaharithaMSIT", "score": {"sample": {"0": {"execution_time": 0.3369576930999756, "passed": false}, "1": {"execution_time": 0.33048534393310547, "passed": false}, "2": {"execution_time": 0.6546576023101807, "passed": false}, "3": {"execution_time": 0.6158010959625244, "passed": false}, "4": {"execution_time": 0.6300966739654541, "passed": false}, "5": {"execution_time": 0.5706624984741211, "passed": false}, "6": {"execution_time": 0.6252098083496094, "passed": false}, "7": {"execution_time": 0.6170608997344971, "passed": false}, "8": {"execution_time": 0.34932827949523926, "passed": false}, "9": {"execution_time": 0.6100163459777832, "passed": false}, "10": {"execution_time": 0.5779314041137695, "passed": false}, "11": {"execution_time": 0.24939393997192383, "passed": false}, "12": {"execution_time": 0.5816619396209717, "passed": false}, "13": {"execution_time": 0.3116953372955322, "passed": false}, "14": {"execution_time": 0.6108410358428955, "passed": false}, "15": {"execution_time": 0.5767579078674316, "passed": false}, "16": {"execution_time": 0.3364686965942383, "passed": false}, "17": {"execution_time": 0.35889315605163574, "passed": false}, "18": {"execution_time": 0.36904406547546387, "passed": false}, "19": {"execution_time": 0.41606569290161133, "passed": false}, "20": {"execution_time": 0.3689885139465332, "passed": false}, "21": {"execution_time": 0.36966633796691895, "passed": false}, "22": {"execution_time": 0.3798365592956543, "passed": false}, "23": {"execution_time": 0.3859531879425049, "passed": false}, "24": {"execution_time": 0.26702213287353516, "passed": false}, "25": {"execution_time": 0.5762887001037598, "passed": false}, "26": {"execution_time": 0.4687156677246094, "passed": false}, "27": {"execution_time": 0.58758544921875, "passed": false}, "28": {"execution_time": 0.7248058319091797, "passed": false}, "29": {"execution_time": 0.28417539596557617, "passed": false}}}, "check_style_score": "0/1"}