{"version": "1", "message": "ERROR: Hidden Testcases server unreachable.", "problem_id": "ads2_m16_a1_1", "user_id": "rishikaharithaMSIT", "score": {"sample": {"0": {"execution_time": 0.32610201835632324, "passed": false}, "1": {"execution_time": 0.3653120994567871, "passed": false}, "2": {"execution_time": 0.7897210121154785, "passed": false}, "3": {"execution_time": 0.8499710559844971, "passed": false}, "4": {"execution_time": 0.6855792999267578, "passed": false}, "5": {"execution_time": 0.606752872467041, "passed": false}, "6": {"execution_time": 0.6109983921051025, "passed": false}, "7": {"execution_time": 0.6192545890808105, "passed": false}, "8": {"execution_time": 0.36360955238342285, "passed": false}, "9": {"execution_time": 0.9626195430755615, "passed": false}, "10": {"execution_time": 0.6785149574279785, "passed": false}, "11": {"execution_time": 0.24990534782409668, "passed": false}, "12": {"execution_time": 0.6140482425689697, "passed": false}, "13": {"execution_time": 0.2829575538635254, "passed": false}, "14": {"execution_time": 0.7803893089294434, "passed": false}, "15": {"execution_time": 0.6064662933349609, "passed": false}, "16": {"execution_time": 0.3201906681060791, "passed": false}, "17": {"execution_time": 0.3752114772796631, "passed": false}, "18": {"execution_time": 0.3370699882507324, "passed": false}, "19": {"execution_time": 0.36432313919067383, "passed": false}, "20": {"execution_time": 0.32919955253601074, "passed": false}, "21": {"execution_time": 0.32831764221191406, "passed": false}, "22": {"execution_time": 0.3313302993774414, "passed": false}, "23": {"execution_time": 0.3775613307952881, "passed": false}, "24": {"execution_time": 0.2776017189025879, "passed": false}, "25": {"execution_time": 0.6047673225402832, "passed": false}, "26": {"execution_time": 0.5081324577331543, "passed": false}, "27": {"execution_time": 0.6441717147827148, "passed": false}, "28": {"execution_time": 0.8570725917816162, "passed": false}, "29": {"execution_time": 0.2903256416320801, "passed": false}}}, "check_style_score": "0/1"}