{"version": "1", "message": "ERROR: Hidden Testcases server unreachable.", "problem_id": "ads2_m16_a1_1", "user_id": "rishikaharithaMSIT", "score": {"sample": {"0": {"execution_time": 0.2344651222229004, "passed": false}, "1": {"execution_time": 0.1974022388458252, "passed": false}, "2": {"execution_time": 0.32736754417419434, "passed": false}, "3": {"execution_time": 0.3197624683380127, "passed": false}, "4": {"execution_time": 0.35417771339416504, "passed": false}, "5": {"execution_time": 0.32054734230041504, "passed": false}, "6": {"execution_time": 0.3251378536224365, "passed": false}, "7": {"execution_time": 0.31582188606262207, "passed": false}, "8": {"execution_time": 0.20885491371154785, "passed": false}, "9": {"execution_time": 0.3360011577606201, "passed": false}, "10": {"execution_time": 0.30294036865234375, "passed": false}, "11": {"execution_time": 0.18851637840270996, "passed": false}, "12": {"execution_time": 0.32538485527038574, "passed": false}, "13": {"execution_time": 0.21004366874694824, "passed": true}, "14": {"execution_time": 0.32849740982055664, "passed": false}, "15": {"execution_time": 0.31137967109680176, "passed": false}, "16": {"execution_time": 0.21355438232421875, "passed": false}, "17": {"execution_time": 0.2457411289215088, "passed": false}, "18": {"execution_time": 0.2275240421295166, "passed": false}, "19": {"execution_time": 0.23934721946716309, "passed": false}, "20": {"execution_time": 0.24510765075683594, "passed": false}, "21": {"execution_time": 0.20653414726257324, "passed": false}, "22": {"execution_time": 0.23022174835205078, "passed": false}, "23": {"execution_time": 0.2666172981262207, "passed": false}, "24": {"execution_time": 0.1842648983001709, "passed": true}, "25": {"execution_time": 0.31412839889526367, "passed": false}, "26": {"execution_time": 0.29068756103515625, "passed": false}, "27": {"execution_time": 0.3334372043609619, "passed": false}, "28": {"execution_time": 0.3929295539855957, "passed": false}, "29": {"execution_time": 0.20774459838867188, "passed": false}}}, "check_style_score": "0/1"}