{"version": "1", "message": "ERROR: Hidden Testcases server unreachable.", "problem_id": "ads2_m16_a1_1", "user_id": "rishikaharithaMSIT", "score": {"sample": {"0": {"execution_time": 0.28769540786743164, "passed": false}, "1": {"execution_time": 0.23964905738830566, "passed": false}, "2": {"execution_time": 0.5941088199615479, "passed": false}, "3": {"execution_time": 0.614159107208252, "passed": false}, "4": {"execution_time": 0.6214742660522461, "passed": false}, "5": {"execution_time": 0.6138191223144531, "passed": false}, "6": {"execution_time": 0.6067667007446289, "passed": false}, "7": {"execution_time": 0.6588819026947021, "passed": false}, "8": {"execution_time": 0.2825145721435547, "passed": false}, "9": {"execution_time": 0.6532192230224609, "passed": false}, "10": {"execution_time": 1.326026201248169, "passed": false}, "11": {"execution_time": 0.2065577507019043, "passed": false}, "12": {"execution_time": 0.5824975967407227, "passed": false}, "13": {"execution_time": 0.23963165283203125, "passed": false}, "14": {"execution_time": 0.6644492149353027, "passed": false}, "15": {"execution_time": 1.232612133026123, "passed": false}, "16": {"execution_time": 0.29294776916503906, "passed": false}, "17": {"execution_time": 0.277681827545166, "passed": false}, "18": {"execution_time": 0.3118870258331299, "passed": false}, "19": {"execution_time": 0.3747398853302002, "passed": false}, "20": {"execution_time": 0.4188408851623535, "passed": false}, "21": {"execution_time": 0.2932474613189697, "passed": false}, "22": {"execution_time": 0.37527942657470703, "passed": false}, "23": {"execution_time": 0.33991098403930664, "passed": false}, "24": {"execution_time": 0.20519351959228516, "passed": false}, "25": {"execution_time": 0.947869062423706, "passed": false}, "26": {"execution_time": 0.7627413272857666, "passed": false}, "27": {"execution_time": 0.987316370010376, "passed": false}, "28": {"execution_time": 1.893939733505249, "passed": false}, "29": {"execution_time": 0.22106575965881348, "passed": false}}}, "check_style_score": "0/1"}