{"version": "1", "message": "ERROR: Hidden Testcases server unreachable.", "problem_id": "ads2_m16_a1_1", "user_id": "rishikaharithaMSIT", "score": {"sample": {"0": {"execution_time": 0.3094322681427002, "passed": false}, "1": {"execution_time": 0.32750773429870605, "passed": false}, "2": {"execution_time": 0.6071929931640625, "passed": false}, "3": {"execution_time": 0.5703322887420654, "passed": false}, "4": {"execution_time": 0.5704061985015869, "passed": false}, "5": {"execution_time": 0.5639228820800781, "passed": false}, "6": {"execution_time": 0.5893599987030029, "passed": false}, "7": {"execution_time": 0.5596451759338379, "passed": false}, "8": {"execution_time": 0.35753607749938965, "passed": false}, "9": {"execution_time": 0.6114976406097412, "passed": false}, "10": {"execution_time": 0.573805570602417, "passed": false}, "11": {"execution_time": 0.25969433784484863, "passed": false}, "12": {"execution_time": 0.5920119285583496, "passed": false}, "13": {"execution_time": 0.2761876583099365, "passed": false}, "14": {"execution_time": 0.6159918308258057, "passed": false}, "15": {"execution_time": 0.5888969898223877, "passed": false}, "16": {"execution_time": 0.36270737648010254, "passed": false}, "17": {"execution_time": 0.36423730850219727, "passed": false}, "18": {"execution_time": 0.44687604904174805, "passed": false}, "19": {"execution_time": 0.352337121963501, "passed": false}, "20": {"execution_time": 0.3463120460510254, "passed": false}, "21": {"execution_time": 0.3266282081604004, "passed": false}, "22": {"execution_time": 0.3730654716491699, "passed": false}, "23": {"execution_time": 0.3478538990020752, "passed": false}, "24": {"execution_time": 0.24779176712036133, "passed": false}, "25": {"execution_time": 0.5797023773193359, "passed": false}, "26": {"execution_time": 0.5762245655059814, "passed": false}, "27": {"execution_time": 0.5636379718780518, "passed": false}, "28": {"execution_time": 0.8024091720581055, "passed": false}, "29": {"execution_time": 0.3017408847808838, "passed": false}}}, "check_style_score": "0/1"}