{"version": "1", "message": "ERROR: Hidden Testcases server unreachable.", "problem_id": "ads2_m16_a1_1", "user_id": "rishikaharithaMSIT", "score": {"sample": {"0": {"execution_time": 0.36428141593933105, "passed": false}, "1": {"execution_time": 0.32979536056518555, "passed": false}, "2": {"execution_time": 0.7120664119720459, "passed": false}, "3": {"execution_time": 0.6743073463439941, "passed": false}, "4": {"execution_time": 0.6915364265441895, "passed": false}, "5": {"execution_time": 0.6152606010437012, "passed": false}, "6": {"execution_time": 0.5832674503326416, "passed": false}, "7": {"execution_time": 0.6526656150817871, "passed": false}, "8": {"execution_time": 0.3580451011657715, "passed": false}, "9": {"execution_time": 0.8024048805236816, "passed": false}, "10": {"execution_time": 0.6745517253875732, "passed": false}, "11": {"execution_time": 0.2977912425994873, "passed": false}, "12": {"execution_time": 0.6218726634979248, "passed": false}, "13": {"execution_time": 0.28530049324035645, "passed": false}, "14": {"execution_time": 0.7364833354949951, "passed": false}, "15": {"execution_time": 0.6065597534179688, "passed": false}, "16": {"execution_time": 0.446793794631958, "passed": false}, "17": {"execution_time": 0.3634793758392334, "passed": false}, "18": {"execution_time": 0.37104058265686035, "passed": false}, "19": {"execution_time": 0.3840363025665283, "passed": false}, "20": {"execution_time": 0.37110066413879395, "passed": false}, "21": {"execution_time": 0.40210938453674316, "passed": false}, "22": {"execution_time": 0.35799670219421387, "passed": false}, "23": {"execution_time": 0.3453340530395508, "passed": false}, "24": {"execution_time": 0.3221018314361572, "passed": false}, "25": {"execution_time": 0.6069788932800293, "passed": false}, "26": {"execution_time": 0.5192456245422363, "passed": false}, "27": {"execution_time": 0.6224312782287598, "passed": false}, "28": {"execution_time": 0.8797328472137451, "passed": false}, "29": {"execution_time": 0.29351377487182617, "passed": false}}}, "check_style_score": "0/1"}