{"version": "1", "message": "ERROR: Hidden Testcases server unreachable.", "problem_id": "ads2_m16_a1_1", "user_id": "rishikaharithaMSIT", "score": {"sample": {"0": {"execution_time": 0.320204496383667, "passed": false}, "1": {"execution_time": 0.28705263137817383, "passed": false}, "2": {"execution_time": 0.5725548267364502, "passed": false}, "3": {"execution_time": 0.6705989837646484, "passed": false}, "4": {"execution_time": 0.5831685066223145, "passed": false}, "5": {"execution_time": 0.6235625743865967, "passed": false}, "6": {"execution_time": 0.5664913654327393, "passed": false}, "7": {"execution_time": 0.5901203155517578, "passed": false}, "8": {"execution_time": 0.35845327377319336, "passed": false}, "9": {"execution_time": 0.695749044418335, "passed": false}, "10": {"execution_time": 1.2071712017059326, "passed": false}, "11": {"execution_time": 0.2569551467895508, "passed": false}, "12": {"execution_time": 0.5778167247772217, "passed": false}, "13": {"execution_time": 0.2646608352661133, "passed": false}, "14": {"execution_time": 0.7146382331848145, "passed": false}, "15": {"execution_time": 0.5652995109558105, "passed": false}, "16": {"execution_time": 0.3368196487426758, "passed": false}, "17": {"execution_time": 0.3463785648345947, "passed": false}, "18": {"execution_time": 0.3512277603149414, "passed": false}, "19": {"execution_time": 0.3460855484008789, "passed": false}, "20": {"execution_time": 0.35155677795410156, "passed": false}, "21": {"execution_time": 0.3597085475921631, "passed": false}, "22": {"execution_time": 0.4133036136627197, "passed": false}, "23": {"execution_time": 0.34372949600219727, "passed": false}, "24": {"execution_time": 0.25653958320617676, "passed": false}, "25": {"execution_time": 0.5876278877258301, "passed": false}, "26": {"execution_time": 0.4658846855163574, "passed": false}, "27": {"execution_time": 0.61161208152771, "passed": false}, "28": {"execution_time": 0.7372832298278809, "passed": false}, "29": {"execution_time": 0.3163473606109619, "passed": false}}}, "check_style_score": "0/1"}