{"version": "1", "message": "ERROR: Hidden Testcases server unreachable.", "problem_id": "ads2_m16_a1_1", "user_id": "rishikaharithaMSIT", "score": {"sample": {"0": {"execution_time": 0.34705352783203125, "passed": false}, "1": {"execution_time": 0.2425549030303955, "passed": false}, "2": {"execution_time": 0.32482218742370605, "passed": false}, "3": {"execution_time": 0.3271059989929199, "passed": false}, "4": {"execution_time": 0.33649444580078125, "passed": false}, "5": {"execution_time": 0.35045433044433594, "passed": false}, "6": {"execution_time": 0.3731112480163574, "passed": false}, "7": {"execution_time": 0.3329944610595703, "passed": false}, "8": {"execution_time": 0.2300424575805664, "passed": false}, "9": {"execution_time": 0.35256505012512207, "passed": false}, "10": {"execution_time": 0.3420863151550293, "passed": false}, "11": {"execution_time": 0.1984691619873047, "passed": false}, "12": {"execution_time": 0.36295199394226074, "passed": false}, "13": {"execution_time": 0.22250628471374512, "passed": false}, "14": {"execution_time": 0.35022687911987305, "passed": false}, "15": {"execution_time": 0.32259297370910645, "passed": false}, "16": {"execution_time": 0.27813029289245605, "passed": false}, "17": {"execution_time": 0.25563764572143555, "passed": false}, "18": {"execution_time": 0.24921655654907227, "passed": false}, "19": {"execution_time": 0.24528908729553223, "passed": false}, "20": {"execution_time": 0.27492761611938477, "passed": false}, "21": {"execution_time": 0.2261209487915039, "passed": false}, "22": {"execution_time": 0.24579596519470215, "passed": false}, "23": {"execution_time": 0.24036669731140137, "passed": false}, "24": {"execution_time": 0.2098557949066162, "passed": false}, "25": {"execution_time": 0.35930418968200684, "passed": false}, "26": {"execution_time": 0.31470465660095215, "passed": false}, "27": {"execution_time": 0.36150336265563965, "passed": false}, "28": {"execution_time": 0.47472524642944336, "passed": false}, "29": {"execution_time": 0.2110586166381836, "passed": false}}}, "check_style_score": "0/1"}