{"version": "1", "message": "ERROR: Hidden Testcases server unreachable.", "problem_id": "ads2_m16_a1_1", "user_id": "rishikaharithaMSIT", "score": {"sample": {"0": {"execution_time": 0.35169363021850586, "passed": false}, "1": {"execution_time": 0.34072279930114746, "passed": false}, "2": {"execution_time": 0.7274155616760254, "passed": false}, "3": {"execution_time": 0.6139950752258301, "passed": false}, "4": {"execution_time": 0.6347143650054932, "passed": false}, "5": {"execution_time": 0.6067125797271729, "passed": false}, "6": {"execution_time": 0.5970458984375, "passed": false}, "7": {"execution_time": 0.6225986480712891, "passed": false}, "8": {"execution_time": 0.3351712226867676, "passed": false}, "9": {"execution_time": 0.781749963760376, "passed": false}, "10": {"execution_time": 0.6104729175567627, "passed": false}, "11": {"execution_time": 0.25228166580200195, "passed": false}, "12": {"execution_time": 0.5936551094055176, "passed": false}, "13": {"execution_time": 0.3200385570526123, "passed": false}, "14": {"execution_time": 0.7168862819671631, "passed": false}, "15": {"execution_time": 0.6489951610565186, "passed": false}, "16": {"execution_time": 0.4559295177459717, "passed": false}, "17": {"execution_time": 0.38208866119384766, "passed": false}, "18": {"execution_time": 0.38952159881591797, "passed": false}, "19": {"execution_time": 0.3628246784210205, "passed": false}, "20": {"execution_time": 0.3664515018463135, "passed": false}, "21": {"execution_time": 0.37691545486450195, "passed": false}, "22": {"execution_time": 0.344329833984375, "passed": false}, "23": {"execution_time": 0.33620667457580566, "passed": false}, "24": {"execution_time": 0.2725701332092285, "passed": false}, "25": {"execution_time": 0.6161820888519287, "passed": false}, "26": {"execution_time": 0.5000367164611816, "passed": false}, "27": {"execution_time": 0.6196155548095703, "passed": false}, "28": {"execution_time": 0.8679931163787842, "passed": false}, "29": {"execution_time": 0.2992374897003174, "passed": false}}}, "check_style_score": "0/1"}