{"version": "1", "message": "ERROR: Hidden Testcases server unreachable.", "problem_id": "ads2_m16_a1_1", "user_id": "rishikaharithaMSIT", "score": {"sample": {"0": {"execution_time": 0.22416138648986816, "passed": false}, "1": {"execution_time": 0.2725057601928711, "passed": false}, "2": {"execution_time": 0.6067943572998047, "passed": false}, "3": {"execution_time": 0.5973749160766602, "passed": false}, "4": {"execution_time": 0.6201004981994629, "passed": false}, "5": {"execution_time": 0.6175286769866943, "passed": false}, "6": {"execution_time": 0.6424846649169922, "passed": false}, "7": {"execution_time": 0.5674476623535156, "passed": false}, "8": {"execution_time": 0.26864075660705566, "passed": false}, "9": {"execution_time": 0.6285133361816406, "passed": false}, "10": {"execution_time": 1.3306870460510254, "passed": false}, "11": {"execution_time": 0.2634310722351074, "passed": false}, "12": {"execution_time": 0.6020989418029785, "passed": false}, "13": {"execution_time": 0.23346471786499023, "passed": false}, "14": {"execution_time": 0.6228947639465332, "passed": false}, "15": {"execution_time": 1.2344648838043213, "passed": false}, "16": {"execution_time": 0.25953102111816406, "passed": false}, "17": {"execution_time": 0.28815197944641113, "passed": false}, "18": {"execution_time": 0.3026731014251709, "passed": false}, "19": {"execution_time": 0.42458248138427734, "passed": false}, "20": {"execution_time": 0.41187620162963867, "passed": false}, "21": {"execution_time": 0.32961440086364746, "passed": false}, "22": {"execution_time": 0.382824182510376, "passed": false}, "23": {"execution_time": 0.33022236824035645, "passed": false}, "24": {"execution_time": 0.20980095863342285, "passed": false}, "25": {"execution_time": 0.9866700172424316, "passed": false}, "26": {"execution_time": 0.7540435791015625, "passed": false}, "27": {"execution_time": 0.9592494964599609, "passed": false}, "28": {"execution_time": 1.9019558429718018, "passed": false}, "29": {"execution_time": 0.20879077911376953, "passed": false}}}, "check_style_score": "0/1"}