{"version": "1", "message": "ERROR: Hidden Testcases server unreachable.", "problem_id": "ads2_m16_a1_1", "user_id": "rishikaharithaMSIT", "score": {"sample": {"0": {"execution_time": 0.41378116607666016, "passed": false}, "1": {"execution_time": 0.29145383834838867, "passed": false}, "2": {"execution_time": 0.6722891330718994, "passed": false}, "3": {"execution_time": 0.5967216491699219, "passed": false}, "4": {"execution_time": 0.5850489139556885, "passed": false}, "5": {"execution_time": 0.6003830432891846, "passed": false}, "6": {"execution_time": 0.5853970050811768, "passed": false}, "7": {"execution_time": 0.6036875247955322, "passed": false}, "8": {"execution_time": 0.3453059196472168, "passed": false}, "9": {"execution_time": 0.7067780494689941, "passed": false}, "10": {"execution_time": 1.2170019149780273, "passed": false}, "11": {"execution_time": 0.2546725273132324, "passed": false}, "12": {"execution_time": 0.5898194313049316, "passed": false}, "13": {"execution_time": 0.30806517601013184, "passed": false}, "14": {"execution_time": 0.694800853729248, "passed": false}, "15": {"execution_time": 0.6316006183624268, "passed": false}, "16": {"execution_time": 0.34883666038513184, "passed": false}, "17": {"execution_time": 0.3746933937072754, "passed": false}, "18": {"execution_time": 0.35858654975891113, "passed": false}, "19": {"execution_time": 0.3830091953277588, "passed": false}, "20": {"execution_time": 0.3524470329284668, "passed": false}, "21": {"execution_time": 0.38505983352661133, "passed": false}, "22": {"execution_time": 0.4272780418395996, "passed": false}, "23": {"execution_time": 0.4171009063720703, "passed": false}, "24": {"execution_time": 0.25517749786376953, "passed": false}, "25": {"execution_time": 0.6077005863189697, "passed": false}, "26": {"execution_time": 0.4790961742401123, "passed": false}, "27": {"execution_time": 0.6173803806304932, "passed": false}, "28": {"execution_time": 0.751502513885498, "passed": false}, "29": {"execution_time": 0.2907083034515381, "passed": false}}}, "check_style_score": "0/1"}