{"version": "1", "message": "ERROR: Hidden Testcases server unreachable.", "problem_id": "ads2_m16_a1_1", "user_id": "rishikaharithaMSIT", "score": {"sample": {"0": {"execution_time": 0.33194398880004883, "passed": false}, "1": {"execution_time": 0.3652918338775635, "passed": false}, "2": {"execution_time": 2.0655605792999268, "passed": false}, "3": {"execution_time": 2.407137632369995, "passed": false}, "4": {"execution_time": 2.095545530319214, "passed": false}, "5": {"execution_time": 0.7264294624328613, "passed": false}, "6": {"execution_time": 0.6046271324157715, "passed": false}, "7": {"execution_time": 1.4259991645812988, "passed": false}, "8": {"execution_time": 0.33930015563964844, "passed": false}, "9": {"execution_time": 5.170448064804077, "passed": false}, "10": {"execution_time": 0.9779050350189209, "passed": false}, "11": {"execution_time": 0.2670764923095703, "passed": false}, "12": {"execution_time": 0.6830863952636719, "passed": false}, "13": {"execution_time": 0.26612424850463867, "passed": false}, "14": {"execution_time": 4.524473190307617, "passed": false}, "15": {"execution_time": 0.7905411720275879, "passed": false}, "16": {"execution_time": 0.34105539321899414, "passed": false}, "17": {"execution_time": 0.3306574821472168, "passed": false}, "18": {"execution_time": 0.3800954818725586, "passed": false}, "19": {"execution_time": 0.34208226203918457, "passed": false}, "20": {"execution_time": 0.3419013023376465, "passed": false}, "21": {"execution_time": 0.38807129859924316, "passed": false}, "22": {"execution_time": 0.3618454933166504, "passed": false}, "23": {"execution_time": 0.3520801067352295, "passed": false}, "24": {"execution_time": 0.24477577209472656, "passed": false}, "25": {"execution_time": 0.6811554431915283, "passed": false}, "26": {"execution_time": 0.6000778675079346, "passed": false}, "27": {"execution_time": 0.659268856048584, "passed": false}, "28": {"execution_time": 1.2153067588806152, "passed": false}, "29": {"execution_time": 0.32550978660583496, "passed": false}}}, "check_style_score": "0/1"}