{"version": "1", "message": "ERROR: Hidden Testcases server unreachable.", "problem_id": "ads2_m16_a1_1", "user_id": "rishikaharithaMSIT", "score": {"sample": {"0": {"execution_time": 0.2310631275177002, "passed": false}, "1": {"execution_time": 0.2951970100402832, "passed": false}, "2": {"execution_time": 0.572526216506958, "passed": false}, "3": {"execution_time": 0.6426374912261963, "passed": false}, "4": {"execution_time": 0.646209716796875, "passed": false}, "5": {"execution_time": 0.6309287548065186, "passed": false}, "6": {"execution_time": 0.6576309204101562, "passed": false}, "7": {"execution_time": 0.6102912425994873, "passed": false}, "8": {"execution_time": 0.30890727043151855, "passed": false}, "9": {"execution_time": 0.6411724090576172, "passed": false}, "10": {"execution_time": 1.3518168926239014, "passed": false}, "11": {"execution_time": 0.2480924129486084, "passed": false}, "12": {"execution_time": 0.6143927574157715, "passed": false}, "13": {"execution_time": 0.26369404792785645, "passed": false}, "14": {"execution_time": 0.6273300647735596, "passed": false}, "15": {"execution_time": 1.164583444595337, "passed": false}, "16": {"execution_time": 0.280118465423584, "passed": false}, "17": {"execution_time": 0.3197445869445801, "passed": false}, "18": {"execution_time": 0.30217456817626953, "passed": false}, "19": {"execution_time": 0.3576314449310303, "passed": false}, "20": {"execution_time": 0.41614341735839844, "passed": false}, "21": {"execution_time": 0.3091919422149658, "passed": false}, "22": {"execution_time": 0.3558773994445801, "passed": false}, "23": {"execution_time": 0.3611874580383301, "passed": false}, "24": {"execution_time": 0.20667791366577148, "passed": false}, "25": {"execution_time": 0.9625909328460693, "passed": false}, "26": {"execution_time": 0.7229344844818115, "passed": false}, "27": {"execution_time": 0.9819204807281494, "passed": false}, "28": {"execution_time": 1.8428502082824707, "passed": false}, "29": {"execution_time": 0.2628955841064453, "passed": false}}}, "check_style_score": "0/1"}